latitude,longitude,error_m,bathymetry
41.342618126552004,-70.53396791295872,35.02153265116636,-9.374775218497328
41.34268164593248,-70.53391741051608,32.12961476391654,-9.397286864493784
41.34270139007853,-70.53403201285161,32.617619301589656,-9.377028848008072
41.342766699063205,-70.53403911951747,31.1212263697763,-9.389304693120154
41.34269009764085,-70.53408765963857,31.406288927864267,-9.36260754193979
41.34262941678274,-70.53413786488132,32.62170373220587,-9.340982164916904
41.34251754358864,-70.5341939213378,33.175516596489075,-9.31464757689337
41.342659313254444,-70.53427033058435,32.97691143345845,-9.31774858309517
41.34271990842863,-70.53429190755487,30.270622458720137,-9.323718563498174
41.34271586708859,-70.53434739561438,30.886116129197426,-9.312134245570908
41.342707341605006,-70.53440116320152,31.544438974415765,-9.301174193993711
41.342729618650424,-70.53448317933919,32.20922756479352,-9.293312538679118
41.342747114618035,-70.53453441878739,31.64038155800181,-9.291173898421768
41.34268909129119,-70.53459298504202,32.50306979717015,-9.27661055948803
41.34272838407095,-70.53460991516238,30.447965199775886,-9.283020448083404
41.3427309904706,-70.53471538501634,30.757321985235915,-9.282431393038909
41.342659276829465,-70.53470442162029,29.508787169562307,-9.269051219127585
41.34269449057576,-70.53474675461996,29.100726007311977,-9.275844807941336
41.342665313452855,-70.5348290154409,29.884633504365297,-9.273081320312418
41.342705353866506,-70.53486938430207,28.928719953887356,-9.28336774197762
41.34261410830353,-70.53490885364309,30.06604676426687,-9.267905148702871
41.34265117789415,-70.53496324172102,29.921130928562427,-9.278921600349026
41.34264007601827,-70.53499276829389,29.2102895959304,-9.279074087217928
41.34261745247407,-70.53505128142424,28.922820455617998,-9.279660879230862
41.34253269572018,-70.53508186867795,30.00297744616668,-9.266996580342584
41.342486145917384,-70.53511208604736,30.69992044554192,-9.263259986876754
41.34244647490178,-70.53514676972075,30.91366265377309,-9.262299435499822
41.342416839003604,-70.53517783603866,30.94270415105884,-9.263066555278503
41.34245942327953,-70.53524265947573,30.49865868181885,-9.273163988984606
41.34251262312445,-70.53529948408686,28.89264212648364,-9.286880832312603
41.34252369803094,-70.53534579061525,28.382865197429975,-9.294500953440123
41.342496400261524,-70.53541636134865,29.863518367983126,-9.298815393912989
41.342495643901955,-70.53544117500607,28.135101472152954,-9.301891987616655
41.34240438189272,-70.53548415131658,29.842045901135357,-9.296868855941847
41.34243095384848,-70.53553347623848,26.962826101758164,-9.305162641859022
41.342349410210495,-70.5355644140648,27.558148388573507,-9.305242538599483
41.34250936179612,-70.53565533491103,26.051530753110768,-9.332133159474994
41.342516159399885,-70.53571190814827,26.85366384042157,-9.338101769903878
41.342497977579534,-70.53575206874436,26.117118205649977,-9.338937755562648
41.34243673166418,-70.53579127977075,28.44742857091434,-9.336973674050485
41.34240592116646,-70.53584075245364,28.369774900222648,-9.339422455688736
41.34242507687628,-70.53588523668634,26.398333928256243,-9.342497569252911
41.34241305303699,-70.53593079939901,26.503673439885358,-9.343805423263126
41.342350838045334,-70.53596194812276,27.171937320155894,-9.348330485657492
41.3422910937783,-70.5359766109346,25.93904875320232,-9.352874834493715
41.34231628146433,-70.5360237072682,25.328227050130902,-9.354235194137647
41.342288577121806,-70.53606197831643,25.208534403983133,-9.359340416363686
41.34228933209974,-70.53610556275905,25.020946811494337,-9.361255915845794
41.342187771488014,-70.53614193478506,26.574824450949627,-9.382157736413435
41.34215678861931,-70.53619324291869,25.45940881026728,-9.394273145409995
41.342166011319044,-70.5362429279579,25.34128115985305,-9.396953196152614
41.34217729488078,-70.53627123141126,24.30367565881579,-9.397264821825097
41.34214234393257,-70.53632263082636,25.421311036968117,-9.413288556669784
41.342167496238226,-70.53638254043793,24.960159472699836,-9.414730678891154
41.34214712183375,-70.53643315898782,25.69943654096323,-9.428403898731126
41.34213997357712,-70.53647841648244,24.526361510041557,-9.438108700933329
41.342143209095994,-70.5365259132374,24.315392254272034,-9.44543954940043
41.34213639537774,-70.53658196735216,24.45364948492935,-9.457869266432258
41.34209407523914,-70.53662579761476,24.364243906398,-9.480735079375437
41.342104461446716,-70.53666139712088,23.302595813700254,-9.484048668877207
41.34206861599475,-70.53670386930126,23.928279821234966,-9.506012156256688
41.342099596401646,-70.53675379660451,22.75039735008391,-9.504444673582238
41.3420574202158,-70.53680491870944,24.150705400995754,-9.531459274707146
41.34205756083013,-70.53685027335777,23.256861285866965,-9.540851770054333
41.3420297700253,-70.53689439741086,23.719817739926484,-9.561952150856671
41.34197309495714,-70.53693885625142,23.429886819948624,-9.597633151378528
41.341977043579746,-70.5369868919481,23.205460072820866,-9.60580184303283
41.34189263875929,-70.53700850664397,23.47556418018626,-9.65273048351746
41.34191164646811,-70.53705353285687,23.065491090707603,-9.651657466264485
41.3419165616505,-70.5371118138989,23.39227479472466,-9.658856460700617
41.34187958896698,-70.53715582116062,23.485491102732233,-9.680714976937548
41.34187478299098,-70.53718821532883,22.476478542275977,-9.685423064347106
41.34184604181455,-70.53723122374701,23.13608147519869,-9.698294257757809
41.34184071223134,-70.53728774954062,24.25420246724773,-9.703567898634683
41.3418541537585,-70.53733934892558,22.852696800137643,-9.701724256017746
41.341814934209616,-70.53736083538256,23.363087280439736,-9.720926871074182
41.34177667882114,-70.53739033665319,22.887576312487155,-9.741955345061807
41.34177261196549,-70.53745537667064,24.019839262811587,-9.749921240802907
41.34177550141253,-70.53749639379906,22.295243030368535,-9.751345990319079
41.34175038960222,-70.53754097298479,23.542849187008393,-9.765490554622646
41.34175227064754,-70.53759900071098,21.697295134797866,-9.765840188853112
41.34173649453255,-70.53764265006555,21.3449498427891,-9.773311578956273
41.34171728264377,-70.53769118579463,21.879166842476792,-9.781650527027402
41.34174898703504,-70.53777590835375,22.211298310175778,-9.762161073966642
41.3417416317141,-70.53781147540737,22.221227985561292,-9.763305994042978
41.341678363522604,-70.53782296838766,20.38947130310492,-9.793922614461906
41.341682255408,-70.53787061222722,20.343520605396282,-9.787929824769352
41.34163512583925,-70.53791305682631,20.675928353813944,-9.807954420352383
41.341612018774775,-70.5379421974427,20.31963374689085,-9.816905458549611
41.34159229409207,-70.53798338094819,20.513261705217477,-9.822743128952878
41.34157656155412,-70.538027444504,19.472770923462168,-9.826185140238886
41.34160079131728,-70.53808341604464,19.174919697917446,-9.808188293740004
41.34162521939317,-70.53815553075151,19.534127702657816,-9.790981371679997
41.341591893249195,-70.5381993243436,20.335162884323633,-9.803605059084756
41.34159158433471,-70.53824401269405,20.27802995633877,-9.801530161376993
41.34157163992849,-70.53828993495259,20.232788971966368,-9.80846450434154
41.34154112184641,-70.53834953267999,19.9810336556671,-9.81944397423095
41.341546238929176,-70.53838794935315,20.257588144089603,-9.814514705644697
41.34149137644721,-70.53842364943866,21.785552167748865,-9.837281909038394
41.341489463910484,-70.53845904360297,19.693076475143247,-9.834942191453122
41.34149444651097,-70.53850887729956,19.738153621335893,-9.825898169846615
41.341449358836265,-70.5385385791186,19.995647049335854,-9.845180093736207
41.34144652136194,-70.53859411922863,20.162839884438306,-9.837464742048121
41.34141034105192,-70.53861411863885,19.321706870877694,-9.853788460110088
41.341408868897304,-70.53866174763466,20.726682353860163,-9.845291326563453
41.341348136054386,-70.5386961770742,22.11774165719513,-9.872713844895014
41.34133003290309,-70.53872063514346,20.09126842402529,-9.877907597136883
41.34130428342812,-70.53876036130298,19.859323053009668,-9.884022412339958
41.341282872034185,-70.53881054141888,18.485637700420416,-9.884731368965866
41.34126155743788,-70.53884245855131,17.86153714704343,-9.889372240222576
41.3412549264085,-70.53889189975949,18.5750476970672,-9.880348657129229
41.34122611311155,-70.53892920376482,17.262392933939733,-9.888141827699343
41.34121075108992,-70.53896309896898,15.825116806429339,-9.88914958720573
41.34118913410689,-70.53901358752603,16.591627084198535,-9.8907533089984
41.34116668294336,-70.53906845831283,16.559581284113587,-9.893201027629472
41.341192694065036,-70.53911742207494,15.697592134053009,-9.870403150829262
41.341171315680306,-70.53915478295335,15.495915728319517,-9.877570791960553
41.34117243820905,-70.53920376886124,15.614129967083779,-9.871366845389625
41.34113513381172,-70.5392419538091,15.081546115459535,-9.88882876772902
41.34110697696358,-70.53928431788117,15.540520768967324,-9.901297112849159
41.34113031977529,-70.53934222332043,15.089664748924745,-9.884742345748164
41.341128046138095,-70.5393835355777,15.302293680527608,-9.882444849088031
41.34111273843036,-70.5394409759639,15.041531149685405,-9.882958450565985
41.34110375685034,-70.53948293624153,14.881133469572365,-9.879997278767133
41.34110841065978,-70.539541743998,14.804229915533988,-9.868295628302516
41.34111923077724,-70.53960942679686,14.98664454431146,-9.85412425248263
41.341112075531534,-70.53965514402567,14.250255744862631,-9.853059047025349
41.34112412550735,-70.53969564001618,14.69978384135911,-9.843129892448802
41.34109274987447,-70.53973684286356,14.2387085551137,-9.857533951132895
41.34108645032473,-70.53978605215084,14.765028034326573,-9.858546356973317
41.34106414340763,-70.53984013458847,14.693340193293919,-9.86882663157416
41.34106441447171,-70.53988374376479,14.59823189502311,-9.866791892079133
41.34104346206935,-70.53993353175879,14.044916814911359,-9.87628579462904
41.341038140524944,-70.53997792187155,14.173953479590697,-9.877291467803854
41.34103448962,-70.5400234044436,14.291445997247926,-9.87731093072136
41.34102244269222,-70.54006854328063,14.082950285143543,-9.881778504766745
41.34100380684249,-70.54010827674134,13.841610888899048,-9.88979513166409
41.340998906313054,-70.54015983985622,14.295103070676735,-9.889844373522665
41.340966382257335,-70.54020598851106,13.725186358189307,-9.904134175131626
41.34097330271585,-70.54025965036033,14.138857135234394,-9.897604310207509
41.34092351406767,-70.54031243852926,14.37620337305606,-9.919115494460193
41.34090663191225,-70.54036347755337,15.067252097180353,-9.92381035733605
41.340913962546445,-70.54040052899765,14.53977461629133,-9.91755980560954
41.34091214031728,-70.54043655936411,13.268514453213207,-9.915639316175549
41.34093060033607,-70.54048345483251,13.53577735253258,-9.90291006391331
41.34087893514915,-70.54051909103008,13.631514929341332,-9.924206307870854
41.340887019843976,-70.54056821734093,13.120518394271034,-9.915707854173158
41.34087008073741,-70.54061699747604,13.151965560371366,-9.918435678424437
41.34084262363828,-70.540654127573,12.573857665219652,-9.926687769116286
41.34082142352906,-70.5407038654867,12.856207913162805,-9.92990388010289
41.34082024984117,-70.54075753288043,13.708772348294755,-9.923127180770743
41.34080828510192,-70.54079416267551,13.331487729484714,-9.923219146357631
41.340845538327244,-70.54086219827543,14.710682228857964,-9.896164582081358
41.340816129762345,-70.54089992534634,13.253442548924987,-9.903547682809547
41.340765932000025,-70.54094070258691,14.261048696520703,-9.919296400399004
41.340734464004406,-70.54099656049584,12.430428593888788,-9.923733411757725
41.34073263915003,-70.54105631954918,14.029018744168866,-9.914336736063015
41.34073008006104,-70.54110091156203,12.320542128290525,-9.907637524536993
41.3407451594235,-70.54113154375017,11.6731051727572,-9.895612898389562
41.34070158907347,-70.5411779283957,12.243163451356368,-9.906051635176697
41.340717896671784,-70.54122895864309,12.934090791078624,-9.889723902502809
41.34069963683897,-70.54126482735167,12.58777504047625,-9.890928858322221
41.34066594308676,-70.54130188761278,12.677457584355038,-9.898252967804275
41.340577956386596,-70.54132281687272,16.08365699285791,-9.9297320670615
41.34059067818024,-70.54138498179634,14.671529043198273,-9.913252645885315
41.34063569773303,-70.54144897369004,11.663066714034187,-9.883211417871394
41.34060491897724,-70.54148289442577,15.736988590095354,-9.889333220160497
41.340581996614034,-70.54152083883558,13.592366517125894,-9.891359566883192
41.34058932819369,-70.54156953926072,13.350305833421684,-9.879428130974853
41.34056232969671,-70.54161880713737,13.710221001086712,-9.880972269268328
41.340567503449726,-70.54167821564236,13.390589044928008,-9.868156667306286
41.340526229872324,-70.54171639356106,12.126578116199777,-9.8772542024781
41.34049115057066,-70.54174917299633,10.869108220933073,-9.885375622226057
41.34049245855083,-70.54180383411591,10.65854575967382,-9.876433583126115
41.34049709132643,-70.54184184241207,10.385458126941451,-9.86906387507806
41.34048526872647,-70.54189837036222,12.414352603153896,-9.866728135048316
41.34046397958529,-70.54193753801421,12.970623855558552,-9.870317528056821
41.34045517694779,-70.54198118341307,10.918195996228064,-9.867449020796972
41.340468117042505,-70.54203837215503,10.845234692015461,-9.853499028051708
41.34050325585594,-70.54209729176277,10.771072081087022,-9.830493703661096
41.34046852898162,-70.5421507166722,11.126290426194123,-9.838216717320078
41.34046515950124,-70.54219901205455,10.996323329600441,-9.83402765026938
41.34044472439053,-70.54222607508466,10.666290526501493,-9.839682138068305
41.340435360701925,-70.54227272614413,10.494059201149442,-9.838943318198185
41.340422526460316,-70.54232204859052,9.81450354985359,-9.839713513467803
41.34042758353481,-70.54238398332208,10.325179986170387,-9.831157322693933
41.340415531915276,-70.54242363233219,9.919099081918752,-9.831967794052927
41.34042153273548,-70.5424681629373,10.282565013621454,-9.823721564573953
41.34038657449453,-70.5425197749785,10.208874508482888,-9.833124689014232
41.340372695607705,-70.54257700633454,10.572758599239647,-9.832443443982832
41.34035960874096,-70.54260889858693,10.178470163802936,-9.834570660481456
41.340349680906755,-70.54265063134272,9.99448236231612,-9.834282098506108
41.3403571092938,-70.54270728070713,10.364341673288752,-9.825105780739353
41.340344039817666,-70.54274838420228,10.430646610627068,-9.82661037936951
41.34032021179579,-70.54279633762049,10.243491175222935,-9.832085120252408
41.34029742594859,-70.54284208951505,11.324179217010903,-9.837345517929418
41.34029192690281,-70.54290196692389,10.023104418116612,-9.83411842168385
41.340295163528936,-70.5429350080635,10.172199094732566,-9.82980309699705
41.34026082863071,-70.54297683427205,9.911137587277521,-9.84026519791675
41.340232375317,-70.5430092532238,9.650076079822474,-9.84906406670838
41.34021136765564,-70.54307085008803,9.38901457236743,-9.852160989530702
41.34021236019812,-70.54310290583616,9.127953064912383,-9.848906886077176
41.34019866552842,-70.54315682960767,8.866891557457338,-9.849652501800398
41.34017927710398,-70.543191280276,8.605830050002293,-9.854397839747993
41.340153120951165,-70.54324933402754,8.344768542547246,-9.859597767380677
41.34013111731572,-70.54329867597448,8.083707035092202,-9.863739173548623
41.34012703190791,-70.54332250440213,7.822645527637155,-9.86303563592517
41.34010671255687,-70.5433729482633,7.56158402018211,-9.866075167560401
41.34009698267822,-70.5434114625911,7.300522512727064,-9.865901953445086
41.34008233369495,-70.54345088627717,7.039461005272019,-9.867434463795522
41.34007097821047,-70.54349181654861,6.778399497816974,-9.867283720107809
41.34004919910009,-70.54355004899021,6.517337990361928,-9.868924968053793
41.34003518449243,-70.54360234822289,6.516845447043202,-9.867766174868796
41.34003405249667,-70.54363981688653,6.472901310906491,-9.86314299118279
41.340023498901445,-70.54369097524307,6.437319808080132,-9.859812759555805
41.3400110794013,-70.54373488331136,6.352502384627855,-9.857591134060156
41.33999243650083,-70.54378411034111,6.314041340270187,-9.856234094344808
41.339978780688305,-70.54382494923756,6.30410771438443,-9.853855854895944
41.339963228589994,-70.5438777308457,6.324497821664549,-9.8493043779535
41.33995477958186,-70.54392268398884,6.303820559595006,-9.843061415476074
41.339947830566445,-70.54396573977407,6.344247322661153,-9.836260905161488
41.33992792179639,-70.54402237150475,6.357628903777374,-9.831011544099578
41.339936228272,-70.54405979955409,6.332467485160889,-9.819542686613095
41.3399134725191,-70.54411221127803,6.314676575986446,-9.816939885155476
41.339903174420435,-70.54415325653974,6.279009502666522,-9.812447961393632
41.33989229918309,-70.54419509440619,6.248143921383599,-9.808477582149768
41.33988050329862,-70.54423854354255,6.31234994719714,-9.805140858235534
41.33985664352466,-70.54430005458832,6.292767946951291,-9.80418311298946
41.33984378901047,-70.54434924310365,6.243664061315508,-9.800083381127582
41.33983873524074,-70.54439174513466,6.191475111588407,-9.793657390115392
41.3398182929613,-70.5444440759666,6.189158746074439,-9.790656776435721
41.339806272074306,-70.5444863339884,6.218213984489167,-9.786203540267628
41.33980153393382,-70.54452560154255,6.245995254905299,-9.779556709303915
41.339786656076065,-70.54457895830572,6.206346005321229,-9.773599368492615
41.33976151306503,-70.54462972376004,6.236423155863528,-9.772193143317772
41.33975589784413,-70.54466743312248,6.216706504861344,-9.766489280390951
41.33974857421982,-70.54470812863481,6.274133851040682,-9.761099386886983
41.33973547764097,-70.54474608108607,6.3492987867150035,-9.758883776574198
41.33971676926622,-70.5447984513355,6.332892096409742,-9.75687109740286
41.339697053827464,-70.54483972271652,6.324338407020893,-9.75807244276017
41.33968025317026,-70.54488019563985,6.273641901953206,-9.758978844609965
41.33966428644481,-70.54491846323062,6.307965883978308,-9.760619000433788
41.339642263463844,-70.54496869613588,6.353486095623459,-9.7644414601773
41.339621902152075,-70.5450165397726,6.357313548458161,-9.769217130652104
41.33959815580691,-70.54505837681212,6.349719344124965,-9.777265759334957
41.3395834723487,-70.54508961048771,6.420712128597845,-9.782730490203026
41.33956938843008,-70.54513145522013,6.46237615414614,-9.788616805572918
41.33955536919585,-70.54517828498278,6.45366036731586,-9.79574865926768
41.33953699500991,-70.54522376593418,6.335636848121956,-9.805641462728303
41.339521054730625,-70.54526074352131,6.27470439819407,-9.814662560111763
41.33950032987414,-70.54530658277903,6.295969101524447,-9.826912919196207
41.339485227221125,-70.54534610983339,6.255280256482024,-9.83664842221836
41.33947132621982,-70.54539689386861,6.248804023618981,-9.847071351470115
41.33945808715915,-70.54543263013294,6.159515844955687,-9.85639997208577
41.33944107793874,-70.54548384404728,6.214026181267449,-9.869214653362564
41.33942787948596,-70.54553068594721,6.162134137279256,-9.880185080371376
41.33941355277816,-70.54557771584493,6.171940612607206,-9.892121823285985
41.339397445029626,-70.54562615762107,6.126444953470155,-9.905500230744735
41.339378766344915,-70.54567906366687,6.113154274171313,-9.921137198646576
41.33936089160384,-70.54573738102272,6.029783196093547,-9.937589387752984
41.33935422983913,-70.54577347423543,5.977695559654911,-9.945843672084372
41.33935350537939,-70.54580883261791,6.02304526750718,-9.951209282133185
41.33934621535058,-70.54586102047345,6.017395253177027,-9.962642931190846
41.33935146056611,-70.54590112567938,5.9944372134079424,-9.966270383141127
41.339344107191685,-70.54595561184078,6.003369573503095,-9.978898285475427
41.339338510078285,-70.54600423904691,5.975617685431618,-9.99008329737509
41.33934140688935,-70.54603435827025,5.971342823812544,-9.994007610910487
41.339328929760676,-70.54609775308364,5.9747619676977894,-10.012044822336234
41.33932066138594,-70.54615245249117,5.9728792098353285,-10.02686005132805
41.33931631392194,-70.54620649172564,5.969130104258703,-10.040025978717464
41.33931086353718,-70.54625346541717,5.964903819734866,-10.052670981105841
41.33930446763006,-70.54630452324656,5.923084325583908,-10.067029055921846
41.339302225409114,-70.54635024953,5.891539099389099,-10.078461539042037
41.33930130799658,-70.54639917656114,5.9027964649467535,-10.090290555402966
41.33929459654931,-70.54644903536001,5.950839297713176,-10.105607523944473
41.339286761621985,-70.54649497389396,5.942805755312255,-10.120871506322159
41.33927436579648,-70.54654499932786,5.99093297352923,-10.139798917438664
41.33925876703005,-70.54659271200255,5.9330587778839226,-10.160127894980329
41.339243144343754,-70.5466363853429,5.935071105490949,-10.179745843707675
41.339231108266304,-70.54668212921581,5.978042812301877,-10.198470916232555
41.33922365106108,-70.54672285617248,5.9056163253457665,-10.213960692886047
41.339214568253155,-70.54676112737349,5.889932946013355,-10.230046576326773
41.339197408857196,-70.54681144186729,5.901858725914683,-10.254673624600438
41.339184365927586,-70.54685816486291,5.909940131560088,-10.276669273623966
41.33915935339822,-70.5469112369845,5.917161737282583,-10.3081777285115
41.33914421123367,-70.54695900575159,5.9212012107435825,-10.333154297416526
41.33912636595524,-70.54700731341097,5.914373737328884,-10.360560167475573
41.339110151634856,-70.54704922732054,5.957905233727005,-10.38534083842345
41.33909668798416,-70.54709321690159,5.938079265698289,-10.409751811661096
41.33908625290462,-70.54713044010893,5.914086975014452,-10.43020432050759
41.33906824848646,-70.54717917032451,5.902337434383907,-10.460193439680571
41.33905374362084,-70.54722908056492,5.832740430092789,-10.489056712461695
41.33903928441332,-70.54727875367671,5.837855267635169,-10.518349759209702
41.33902285230532,-70.54732859200499,5.839359414972136,-10.549539017885406
41.33901493702039,-70.5473699157213,5.80252330839014,-10.572006983797763
41.33900072328484,-70.5474105256863,5.868240033100062,-10.598693437157204
41.338983845128034,-70.54745514946434,5.786392358803385,-10.629294333284765
41.338976412794175,-70.54748624289702,5.767018837872484,-10.647873305317605
41.3389569181676,-70.54754280582435,5.738168729218778,-10.686267042631542
41.33894089318728,-70.5475934659431,5.707335330174998,-10.720039536768654
41.33892417145208,-70.54764307674479,5.7026790427005665,-10.753314613667145
41.338916635495494,-70.54768709927009,5.680031607160377,-10.777036973234258
41.33890284711863,-70.5477372516396,5.664664952358766,-10.806455843947447
41.338896593507094,-70.54777936823643,5.676674717646902,-10.82659501274156
41.33888144866392,-70.54782121749886,5.673034810585973,-10.851219362041252
41.33887438698068,-70.54786560438683,5.6578138472291055,-10.873679163451106
41.33885689241516,-70.54791495626169,5.623209035060274,-10.908111032285886
41.33884561033245,-70.54795573072154,5.614934152555795,-10.936572251697244
41.33883290991378,-70.54800573470858,5.669698355225635,-10.971438559148899
41.33881356250521,-70.54806161178585,5.771472935206973,-11.012771039613154
41.33879635368509,-70.54810372273691,5.727888353810293,-11.044800206568084
41.33878251513568,-70.54815353764934,5.617900686332595,-11.076617361563232
41.33877885353769,-70.54818830508556,5.562202090894155,-11.09369786265691
41.338775045064764,-70.54822509832891,5.573159951232456,-11.111497085808505
41.3387536083727,-70.54828238072481,5.532042786787529,-11.15033834360183
41.33873836059288,-70.54833814971644,5.536561101387607,-11.183478859577155
41.33872951944305,-70.54839288425842,5.539840749793389,-11.210919648171581
41.33871609510404,-70.5484418818052,5.529231499096651,-11.239293414005505
41.338712842423,-70.54847420872728,5.530484975385115,-11.253963479829968
41.338689122798506,-70.54852242103748,5.5591978268746205,-11.290252479887897
41.33867675843568,-70.54855841790013,5.550909408962692,-11.313571008091184
41.338657943535345,-70.54860134533428,5.557533577940965,-11.344576190155616
41.33863566053779,-70.54863983885815,5.613139182381623,-11.376429156675055
41.33861092001206,-70.54868500961844,5.622678680788795,-11.412863443565335
41.33858006018665,-70.5487303139641,5.525638852774671,-11.45371641750789
41.33856239960479,-70.5487659733137,5.473437595756084,-11.481179660561885
41.33853307556507,-70.54881372352666,5.602675045598123,-11.521876504856277
41.338514880215904,-70.54885214015623,5.538905798501879,-11.55086440124132
41.3385018454849,-70.54888091476933,5.495124007796521,-11.5721765089403
41.338479266058066,-70.54892902418716,5.432245256879186,-11.608307799723521
41.33846769441573,-70.5489664984219,5.385273436178267,-11.632164637218649
41.3384518978563,-70.54901044728462,5.429854916021569,-11.66105753704612
41.338432962070826,-70.54905376199923,5.401354987488016,-11.691245482686082
41.338415234583046,-70.54909678538412,5.416168088067137,-11.719963623419446
41.338403071839565,-70.54913561005527,5.448513385264214,-11.74279213230152
41.33838598408924,-70.54919102208336,5.514003189056748,-11.774405869637375
41.338373085946685,-70.54923064207777,5.447060687745944,-11.796933207863635
41.338360400349075,-70.54928026829381,5.398388059102568,-11.822136762716232
41.33835184705911,-70.54932623544427,5.361508496170873,-11.842693374359586
41.338341667649416,-70.54937738149451,5.411398004173814,-11.86542571830575
41.33833310345091,-70.54942184045353,5.388943289529922,-11.884509879856239
41.3383219905773,-70.5494687907513,5.2254984038195404,-11.90551530748474
41.33832219143555,-70.54950897007572,5.249993991395337,-11.916395148782811
41.338307721780666,-70.54957095769231,5.240646205128841,-11.942134080527289
41.3382988515632,-70.54961369265307,5.261277750647747,-11.958272995238183
41.33828534916063,-70.5496734185724,5.203740256101572,-11.980241160169712
41.33828722489086,-70.5497105102959,5.20603453177454,-11.98643168803998
41.33827845536382,-70.5497565376123,5.276759826030545,-12.000794058222505
41.33826932129584,-70.54980673199974,5.160999925689154,-12.015390182158328
41.338266356864075,-70.54985424150996,5.220139721504501,-12.024822287076717
41.33825462262142,-70.54990278135271,5.177846693872307,-12.039355045736547
41.33824968172692,-70.54995085647343,5.178862191280077,-12.04879739876085
41.33823841147344,-70.55000186102762,5.138521270297535,-12.06192415176051
41.338221479618355,-70.55006137948102,5.077493240578196,-12.078677384228426
41.3382079616041,-70.55010372198186,5.076659943959515,-12.090904280971158
41.338190635877616,-70.55015623682579,4.985378884498632,-12.105718283051619
41.338175755635284,-70.55020017882981,4.994965522612166,-12.11773662655994
41.338164545432775,-70.5502455581863,4.906760346120941,-12.127089363126647
41.33816028986618,-70.55028318821643,4.915797847733662,-12.131473101608565
41.33815186310866,-70.55033228110375,5.043181341363483,-12.138569312926856
41.33814298438054,-70.55037766790122,4.905906534888325,-12.145486143763646
41.338132215266384,-70.55042820690005,4.877494922457237,-12.153537409358462
41.338122821433515,-70.55047247778482,4.885887722690168,-12.160534299489996
41.33811290802325,-70.55051538357314,4.987147480887766,-12.167822093351072
41.338098536266294,-70.55055908956088,4.876288195615211,-12.177586799856256
41.338088283573555,-70.55060669803453,4.950276521021806,-12.185610559423464
41.3380664442193,-70.55066844569203,4.906170343789809,-12.200551992159316
41.33805868960861,-70.55071414122436,4.949426049274149,-12.208199876237641
41.338044260527205,-70.55075996187196,4.926448362167476,-12.219251549020113
41.338031814189506,-70.55080831402088,4.945657658001557,-12.230389233890227
41.33802068701438,-70.55085415910958,5.067587725551715,-12.241461568273627
41.338008615992415,-70.55090131363114,5.005159599982615,-12.253922826657352
41.338001747954806,-70.55094453581209,4.97723871999419,-12.264801482715242
41.337985689035065,-70.55099683188554,4.777203366700401,-12.280210437714867
41.33797675077088,-70.5510398095577,4.72337254347924,-12.29201728972767
41.33796866822955,-70.55108817042584,4.702587721823382,-12.304816881847922
41.33796406946159,-70.55112686183242,4.731177158645422,-12.314036342358852
41.337946322982724,-70.5511757959475,4.759077510115737,-12.327060143487419
41.3379378252746,-70.55121872803247,4.734244490106158,-12.336707753551467
41.33792373757258,-70.55126542986545,4.736844867462101,-12.348187758399327
41.33791353254457,-70.55131665100018,4.691293237002093,-12.359916255675838
41.3379128785983,-70.55135831581833,4.809246396515463,-12.368255288447191
41.3379001858883,-70.55142365971166,4.7474629037642275,-12.383969941763464
41.33790372869878,-70.55145844536308,4.744111191853521,-12.390914489191577
41.33789628103657,-70.55150749039684,4.751934870779501,-12.403179136061976
41.33788995093037,-70.55154988804973,4.716901862816143,-12.41404749245068
41.33788296680536,-70.55159897502797,4.863051424053256,-12.426841830061834
41.33786309752002,-70.55164936213471,4.786539941975681,-12.442496732586656
41.33784533192804,-70.55170190499557,4.790766992883547,-12.458568545085615
41.337827669925986,-70.55175166303692,4.596600465382542,-12.47414561087074
41.3378236878831,-70.55178704865237,4.574981678078242,-12.483612190841377
41.3378070842606,-70.55183414850573,4.605425845031739,-12.498471069653123
41.33779270070842,-70.55188571733382,4.57227444428999,-12.51398226798889
41.33778428846134,-70.55192199224159,4.621714395897731,-12.524484180315532
41.3377615933517,-70.55196687921246,4.654610208674898,-12.540130524417844
41.3377400048474,-70.55200571168835,4.623106121286968,-12.554191521376165
41.3377240080612,-70.55203862744689,4.690166346037536,-12.565567502266239
41.33769778609745,-70.55208198720511,4.69448547325356,-12.581673550495967
41.33766977754817,-70.55213366092063,4.679810597269713,-12.599803923075584
41.33764458938671,-70.5521828748947,4.6369056380626965,-12.616348146040421
41.33762479508753,-70.55222889383957,4.5811815901065955,-12.630458431703108
41.33761129990105,-70.55226992883587,4.511739532513759,-12.641558455567024
41.337593237461626,-70.55232300264336,4.487252059327411,-12.65545390544203
41.337584345939,-70.55236145608467,4.433984387606335,-12.663888875603158
41.33757175006698,-70.55241371929353,4.517951830314829,-12.674350961583974
41.33756333285669,-70.55245161287203,4.492818867373746,-12.680416989237049
41.337554730140745,-70.55249888764274,4.487675169302232,-12.68581267094026
41.33755114395465,-70.55253533035902,4.573581810801449,-12.688548736306291
41.33753539675516,-70.55258642624665,4.619729499494816,-12.694450548735556
41.337529330001416,-70.5526324645197,4.514334140329306,-12.697371156007742
41.33750813505865,-70.55269161983983,4.458687958408712,-12.70253712213004
41.33751042590445,-70.5527303628822,4.376298101906885,-12.701750596166212
41.3375084799286,-70.55276493822909,4.4189187042463285,-12.701378745298763
41.337494719803985,-70.55282151237533,4.2877643325906485,-12.702011626037164
41.33749542420705,-70.55286145292213,4.35212504616837,-12.699958240577356
41.33748182235824,-70.55292049974885,4.3713458140633845,-12.699313037358301
41.33746864874685,-70.55297725685807,4.400633399812582,-12.697952902565056
41.33745476514614,-70.55302589019672,4.341131468954798,-12.696337383304593
41.337433577644745,-70.55308568494053,4.368862794517307,-12.69403573540562
41.33741438160768,-70.55313766224671,4.1375573391887075,-12.691267323003999
41.337398123361474,-70.55318048321793,4.155796523228947,-12.688473469747828
41.33737731990966,-70.5532237629192,4.132359126135267,-12.685985782651201
41.33737213538847,-70.55326339313876,4.055665116816111,-12.680564905117807
41.337362098134726,-70.55329695013542,4.189454067819002,-12.67678123688824
41.33735077639149,-70.55334439493336,4.130386996155834,-12.670434297514841
41.33734003767374,-70.55337737846624,4.156453451742718,-12.666313154090263
41.33731675275433,-70.55342149694768,4.146869885901864,-12.66219581671408
41.33730345285546,-70.55345299342673,4.167726307173352,-12.658381481037926
41.33728443717769,-70.55349074201773,4.171002947479331,-12.654150517114077
41.33726055862736,-70.55353078311407,4.088472675983764,-12.650052371819958
41.33723909215643,-70.55357742473079,4.175153920333513,-12.643790879345751
41.33720765238397,-70.55362405356935,4.115216188391189,-12.638911201004058
41.337192135977,-70.55366397997139,4.150721181835446,-12.632554862948643
41.33716791872457,-70.553721369647,4.1028454229873494,-12.623455773691864
41.33714545245318,-70.55377410703579,4.0614578529826035,-12.614935995200241
41.33714112915993,-70.55381604155362,4.035125228094716,-12.606136770609789
41.33712215546181,-70.55387697561292,4.0410853348269145,-12.595384183581064
41.33709448443495,-70.553942678897,3.852865479554788,-12.58505471146607
41.33709531552974,-70.55395608729101,3.898049966084958,-12.582135244190715
41.33706079358441,-70.55400290678377,3.746325445603291,-12.576981778028392
41.33706355388316,-70.5540232821923,3.8672619062990794,-12.572570828325135
41.337060070101835,-70.55407535544165,3.8466588936841046,-12.563017461455114
41.33706861317619,-70.55410542865904,3.900921384374797,-12.556502462287439
41.337063829923025,-70.55416477625717,3.943274901238455,-12.54696561299165
41.33706028880997,-70.5542174393335,3.9122211168106267,-12.53902087091721
41.337047584718114,-70.55429086886336,3.910866174766435,-12.528400054673625
41.337038612182226,-70.55435097862582,3.779215368723994,-12.519117595619987
41.33703752559131,-70.55438234361934,3.7783781198260256,-12.513753491381983
41.33702592288006,-70.55441771517683,3.872358846044392,-12.508759906892168
41.3370095206977,-70.55446688576613,3.863205024045364,-12.501696531847113
41.336990561196956,-70.55452543062877,3.7823057184179474,-12.4930550620677
41.33697553471222,-70.55457623851943,3.7758951092201816,-12.485320683229984
41.336969592795676,-70.5546235301389,3.6474780039736006,-12.477382358056003
41.336967669415024,-70.55466135807843,3.670296829282616,-12.470874650794526
41.336952152063034,-70.55471094821063,3.652604775631743,-12.463758342486903
41.33694909186769,-70.55474408345928,3.6142042453110625,-12.458425918144139
41.33693554380125,-70.55478250365924,3.67567373948536,-12.45326310512521
41.33691391311454,-70.55482916102434,3.5900322284937247,-12.447562713401702
41.33690114154319,-70.55487263531568,3.5849698101973195,-12.441772867931103
41.33687872550659,-70.55492882247627,3.6144439106857584,-12.434994267525882
41.33685548011924,-70.55497411636517,3.5076517322973153,-12.430086910278185
41.336837684632705,-70.55501820473701,3.484041618059886,-12.425124808065055
41.33682152673409,-70.55505861012469,3.423510073002101,-12.4207318450478
41.336800320003846,-70.55509382495309,3.414138852563975,-12.417471778817212
41.33678100458717,-70.55513254300932,3.4871144410615167,-12.413764945051232
41.336760746148734,-70.5551663822003,3.4448844075826996,-12.410835643042319
41.33674495699246,-70.55520215911504,3.4593310040088974,-12.407678086917617
41.336731742572944,-70.55523748051799,3.4431457782466337,-12.404799009865345
41.336708017895944,-70.55528475252007,3.4539037850599037,-12.401596020580348
41.336673303698575,-70.55535947857652,3.5275695775611573,-12.39748120287237
41.336660099849254,-70.55540685237497,3.3955654010683904,-12.395632170949922
41.336655703868296,-70.55545172416114,3.353244978734373,-12.394727818469178
41.33665424541516,-70.55550048384963,3.3240946501566535,-12.394609396335044
41.33663894667666,-70.55555119733273,3.4023168910681227,-12.39378896535262
41.336630532343705,-70.55561983720561,3.194672264679259,-12.392301681034855
41.33664615858063,-70.55564735218601,3.164274134222566,-12.392060882975757
41.33665248743447,-70.55567681893987,3.293761531485532,-12.39127238824418
41.33665216112804,-70.55574599953371,3.2764805797711345,-12.388141409150027
41.33665923035265,-70.55578074781522,3.4049662162243073,-12.386504017706995
41.33664011152824,-70.55583052872599,3.2840279173222315,-12.38265663820283
41.33663551809487,-70.55586296858071,3.341489385910177,-12.380216161427887
41.33661728100684,-70.55592516862707,3.33209555816046,-12.375126385203927
41.336597812456276,-70.55597282640609,2.9986939415061955,-12.372626714483467
41.336600385490314,-70.55599304476482,2.9117774353880272,-12.372105611145967
41.336598918107356,-70.5559887595476,2.876202662252127,-12.372201655194969
41.33659981342618,-70.5560068745653,2.997981325399024,-12.371870008063507
41.33661402208115,-70.55604022896121,2.951687659363313,-12.371475623870884
41.336635559899825,-70.55604982034255,3.185349214839194,-12.371177403114366
41.33659684081073,-70.5561181372798,3.0061817539875215,-12.37303935790599
41.336597334902415,-70.5561575359672,2.933077719467026,-12.373657751887638
41.33661997384501,-70.55619062402333,3.009498691538947,-12.373898316106256
41.336651985990514,-70.55619910289704,3.0256560373399854,-12.37356330860319
41.336662402401515,-70.55619538652873,3.038314226614066,-12.373276564081229
41.336672554420716,-70.55615702032985,3.1071196017365024,-12.372045236465198
41.3367036567789,-70.5561290045373,3.1698987069984743,-12.37059656612208
41.33672291658302,-70.55610261537018,3.2978409354424194,-12.370497261437025
41.33675465588725,-70.5560866858565,3.388531334331289,-12.371214240605973
41.336805303910985,-70.55605827990641,3.518472171301736,-12.374067915355031
41.33684104190361,-70.55605059822949,3.5562795393374214,-12.376209920870698
41.33688122279966,-70.55604596463984,3.568824216730327,-12.378725599638823
41.33691098231403,-70.55605351316005,3.5045862016886473,-12.379906257802132
41.33693768438457,-70.55606971700585,3.4269721506142923,-12.380279656924076
41.33696177342546,-70.55608463147436,3.4990771556127545,-12.380610861219907
41.33698734887732,-70.55610894323534,3.6475120708883635,-12.38035184958125
41.33700021559849,-70.55613695045037,3.5846580740333764,-12.379128080787934
41.33700167092691,-70.55617894536262,3.5475784976988174,-12.37652449606516
41.33699239582541,-70.55620218355202,3.519854953525121,-12.374790684302107
41.3369822249016,-70.55623103332557,3.47360724999429,-12.37305454301945
41.33697344478055,-70.55626655314757,3.4633601942132852,-12.37163528628961
41.33696674585414,-70.55630018564457,3.530332965865503,-12.37095302976598
41.336939925258555,-70.55634033554816,3.510640312921875,-12.371174067752193
41.336909231108294,-70.5563746170253,3.377066863644696,-12.37325202145766
41.33688762027745,-70.55640645627236,3.313389650546724,-12.375585289581293
41.336852658067635,-70.55643696745018,3.3645745988120774,-12.37791863240699
41.33681200564446,-70.55646359861221,3.326157838118809,-12.379798424006033
41.33677800114087,-70.5564906575711,3.246360894816697,-12.38128412059478
41.33674052953907,-70.55651469692243,3.2876306579432812,-12.382455683434934
41.336704470805365,-70.55653552418308,3.2136941928116607,-12.383322755494085
41.33669071573467,-70.55654309589738,3.3003326205295473,-12.38360542176467
41.336650128622935,-70.55657531716096,3.3158678234510357,-12.384821152615794
41.33661726346795,-70.55658025182787,3.2588983341784084,-12.384893275629514
41.336575166277,-70.55660812430412,3.2804060837992237,-12.386127161471753
41.3365424452864,-70.55662562152503,3.1133704700386478,-12.387017098506469
41.33651574544358,-70.55664488885859,3.213017873127586,-12.388133763773324
41.336486853879364,-70.55666702441377,3.1619979166843,-12.389567555757296
41.336452062317086,-70.55668695199012,3.1821216700135473,-12.391077808161565
41.33641831527186,-70.5567116257965,3.0580687512194102,-12.393123746627895
41.3363973353969,-70.55673136774628,3.020809620312322,-12.394847640500267
41.33637393957304,-70.55675550457951,3.0952674689547197,-12.39708719573842
41.3363462366298,-70.55678219715259,3.063425643610204,-12.399825743677226
41.33631676073519,-70.5568139469839,3.1181826794027816,-12.403302627767065
41.33626479489972,-70.55686645435578,2.9425715709835916,-12.40991718990617
41.33621771948995,-70.55689862923691,2.816512868783596,-12.415274730362404
41.336168133017686,-70.55694285963237,2.6577266227268526,-12.422742018264293
41.33615154106272,-70.5569480234558,2.532776131024457,-12.42441534602725
41.33613628327085,-70.5569657233877,2.671188850231371,-12.42739453385977
41.336110209719,-70.55698336474448,2.7468966422919174,-12.431310960486629
41.33606977579105,-70.55701602330578,2.7321256194009838,-12.4383670428195
41.33604703323602,-70.55704124855669,2.6044613364255866,-12.443339999507673
41.33602522387279,-70.55705453444548,2.6861353289618215,-12.446926296222122
41.33599019230785,-70.55707332165136,2.7040209591738917,-12.452533753852027
41.33596460333367,-70.55708780433464,2.8066718574403535,-12.456830327394002
41.33593163665094,-70.5571200848142,2.6738520220287385,-12.464098447793795
41.335905555182585,-70.55713386313826,2.7168547167745527,-12.468573833736022
41.33588192662251,-70.55714899933207,2.7343961413490883,-12.473019377525498
41.33585138416104,-70.55717146754549,2.7400398082046737,-12.479213433738236
41.335818076235036,-70.5571962496456,2.785807557918431,-12.486134117614451
41.33577241225322,-70.55722458570267,2.699084058141324,-12.49510508567285
41.33573285155036,-70.55725588655599,2.697818354753737,-12.50363117908269
41.33568457626286,-70.55730124749145,2.552010172418754,-12.514675280645656
41.33566292585142,-70.55733122508238,2.4888637811796444,-12.52043551186002
41.33563931456536,-70.5573516467786,2.4880533609025623,-12.525586489135948
41.33560760961461,-70.55736546864243,2.523347384069633,-12.531418294105356
41.335579354854616,-70.55738000639131,2.5423641856738377,-12.536881800159435
41.335549865189016,-70.55740119319863,2.614440656301774,-12.543109135060156
41.33551892308495,-70.55742875910731,2.602001857690482,-12.550064352454433
41.335492320727056,-70.55745016743123,2.505907294036853,-12.555908215695041
41.33545288481376,-70.5574783294316,2.506861828100636,-12.564414958100604
41.33542140630665,-70.5574990327115,2.551971967374785,-12.571185172367016
41.335381852873766,-70.55753012366435,2.5303051304754227,-12.58010735201498
41.33535658019622,-70.55755332640156,2.449383240157268,-12.586052879869932
41.33532000786851,-70.557578016014,2.459614922920906,-12.59427816398094
41.33528569578987,-70.55760640555003,2.4370759195057325,-12.602387290077163
41.33525307497492,-70.5576301643718,2.440147128519144,-12.610051928523362
41.33522555191095,-70.55764653620834,2.4890771994960668,-12.616445126734833
41.33519347321552,-70.55767014121378,2.517900111178665,-12.624230667391519
41.33516228807348,-70.55769356503123,2.4534528460398364,-12.631958997471292
41.335131137353606,-70.55771079784255,2.460030923081281,-12.639561648676672
41.33510559495194,-70.55772815637462,2.3882944280230776,-12.64606517396005
41.33507700858298,-70.55775906274661,2.4244819824392847,-12.653979089963354
41.33504891185552,-70.55778878261144,2.367516911041522,-12.661877756276013
41.335012772162074,-70.55782050745756,2.413023197180039,-12.671988680047946
41.334970517708236,-70.55785775342214,2.3158920143798434,-12.684173908134136
41.334924345585215,-70.55790460465697,2.1980459805411283,-12.69822637421707
41.334892520443944,-70.55791112156815,2.15652324121413,-12.707129658475393
41.334860333190164,-70.55794292477789,2.072732855163983,-12.717468618421195
41.33484401991139,-70.55795205932533,2.0792178288864633,-12.722526928030042
41.3348156077548,-70.55796468754149,2.2635781119506095,-12.731388448305355
41.334786417631506,-70.55798856019464,2.047205466011393,-12.741185529842127
41.33475087977941,-70.55801092369035,2.216921994429435,-12.753196338433025
41.334724234995434,-70.55803032335054,2.189222825912474,-12.76257123714647
41.33469107297924,-70.5580582960588,2.1906266320441192,-12.774834438502271
41.33465588652553,-70.55808053468482,2.1448823305861446,-12.78817877249435
41.33461308012998,-70.5581041141086,2.144922122867827,-12.805093157664599
41.334583895135175,-70.55812155105953,2.1840838876255466,-12.817152743243243
41.334556944293105,-70.55813486406983,2.266639820102755,-12.828507976159933
41.33452789372568,-70.55815772921078,2.2508724510508737,-12.841362451522064
41.334501529681056,-70.55817746225563,2.247334289387406,-12.85324868057937
41.33446496374897,-70.5582070200457,2.3113151221598205,-12.870170210087434
41.33442904754245,-70.55823128624125,2.252467849794512,-12.887008381311201
41.33439906357181,-70.55825549276452,2.2569699682823954,-12.901429260836961
41.33436508865755,-70.5582823752341,2.2792231494407886,-12.917977651599463
41.3343339111306,-70.55830491736357,2.2005616536888466,-12.933285070899403
41.33430462952673,-70.55832657148397,2.176682265287611,-12.947825224664133
41.33426825165186,-70.55835462994011,2.2260799934640265,-12.966161347279654
41.33424089368015,-70.55837617378468,2.2053997413438107,-12.980139840571463
41.33421403831892,-70.5584008132109,2.181370636493676,-12.994108257491165
41.33418582468969,-70.5584273018795,2.195014346893832,-13.008981894202478
41.33415038685855,-70.5584573674194,2.1560105333606856,-13.027824973010103
41.33412433866522,-70.55848098196473,2.147859879839757,-13.041921608306911
41.334092623988425,-70.55851534840527,2.127847454865317,-13.059597358372336
41.33406527474523,-70.55854525736162,2.1337595230857973,-13.07515056579347
41.33403717049527,-70.55857465173769,2.069090777797712,-13.091353253455377
41.33401214292057,-70.55860211247389,2.1202590087611872,-13.106141637204868
41.3339733363879,-70.55862838501386,2.1143909810456947,-13.12815665810547
41.33394469790469,-70.55864765808036,2.142881133206448,-13.144559907011047
41.333907155550264,-70.55868189223185,2.143770533557735,-13.167240137895138
41.33387618145004,-70.55871559434743,2.0721680194313024,-13.187003148153916
41.333846514663314,-70.55874130378548,2.0389877812227075,-13.20551254692382
41.33381194457399,-70.55876975640786,2.0725931333007406,-13.227219873290315
41.333786440137665,-70.55880096836951,2.0447722365463186,-13.245229075560575
41.333757953582484,-70.55882740498451,1.999076034989828,-13.264252269189166
41.33372535141996,-70.55884786086689,1.985799532556208,-13.284333829493365
41.33369241566277,-70.5588687119024,2.071520195084058,-13.30470909689634
41.333658799169676,-70.55889656779489,1.9839946922378449,-13.327036806889112
41.33363218318564,-70.55891401970149,1.9669259653896707,-13.34372781929551
41.33360148744104,-70.55893461821763,2.040690707914759,-13.36228687220635
41.33356957718155,-70.55895918688192,2.049141259273626,-13.380451297478412
41.333532702139564,-70.55898068590523,2.0882872684987213,-13.397753107629102
41.33350113460254,-70.55900149890589,2.105355063108539,-13.410708156763718
41.333465661930845,-70.559024156886,2.2200505804350064,-13.425112500774267
41.333436982220285,-70.55904945818962,2.2003955323720494,-13.438237596217627
41.33340468188894,-70.55907851387332,2.1315236961742787,-13.453723670739672
41.33337906108228,-70.5591052691299,2.1849604070675066,-13.466549835119993
41.33333894994788,-70.5591415139334,2.123984542777324,-13.485009181259436
41.333310790202454,-70.55916872364725,2.1057853716850476,-13.497622457259352
41.33328487425795,-70.55919890783223,2.0989530626033344,-13.509496477153652
41.33325374161787,-70.55922628204496,2.240808048084398,-13.521964879084651
41.33322195123461,-70.55925991513013,2.3413601626305507,-13.53482154793399
41.33319270287942,-70.55928006925146,2.2110889788506793,-13.544607533947005
41.33316322682961,-70.55930270994322,2.203483510414361,-13.554192268571622
41.333129787781985,-70.55932881102243,2.263866006208111,-13.564446984300114
41.33310037886512,-70.55935366198717,2.2844335829887674,-13.573154501944307
41.3330690342228,-70.5593764079413,2.2830653188561456,-13.581431066307644
41.3330361121833,-70.55939882444753,2.219361602418858,-13.589406986607285
41.33299905168121,-70.55942860972327,2.1771086319289155,-13.598352138298983
41.3329722451772,-70.55944900106265,2.1594089015355618,-13.604322145819424
41.332940627038255,-70.55947390283302,2.138142095873192,-13.611120042610427
41.33290824117369,-70.55949726589756,2.1031888075334164,-13.617485386920373
41.332873388876585,-70.55952480287276,2.346766078514594,-13.62428200621701
41.33284042034607,-70.55955863350233,2.2761286579044495,-13.631323811047904
41.33281157396307,-70.55958600732203,2.2136771899848413,-13.637035663992476
41.332785275413165,-70.55961502016507,2.2339810240068156,-13.64256093492003
41.33275399649224,-70.55964893449254,2.1273753770573407,-13.648927590338673
41.332723380108256,-70.55967769181522,2.131468955397655,-13.654585801791162
41.33269370703745,-70.55970832520397,2.1881127349231746,-13.660305672318007
41.33266323776977,-70.55973904515308,2.1876140046269095,-13.666060561865734
41.332630816958705,-70.55977184203918,2.162784504286232,-13.672167351283097
41.33260392912459,-70.55978970288,2.1447874013636294,-13.676307201882189
41.33257614762899,-70.55981454556837,2.1776492658186095,-13.681230498167821
41.33254318479313,-70.55984230730786,2.173977258139441,-13.686934984438219
41.33251435341698,-70.5598701589297,2.2061609907985327,-13.692311891442811
41.332482896063425,-70.55989166110146,2.1891496227424843,-13.69737094958106
41.33245392525535,-70.55992358711872,2.2468834415186008,-13.703277901240401
41.332425721994774,-70.55995426028309,2.20425566627145,-13.709072676402679
41.33239717898856,-70.55998809953357,2.1656930353770663,-13.715324216920049
41.33236989206181,-70.56001602624492,2.336045722095304,-13.720967958387302
41.332333501352466,-70.56004743488604,2.281730519793032,-13.728060740436838
41.33229955592165,-70.56007196803154,2.2454798709530044,-13.734341506238737
41.33227254319077,-70.5600911087268,2.264973407425157,-13.739417552925465
41.332229597723945,-70.5601287241389,2.283049235043633,-13.748544727530899
41.332202100939796,-70.56014273574772,2.279841650670903,-13.753400974680005
41.332162741975864,-70.56016430755247,2.3733461336229498,-13.760733808690953
41.33213662013859,-70.56019107224738,2.3136571989928596,-13.767256532719799
41.33210560879963,-70.56021224378347,2.301658655988722,-13.773906604113073
41.33207630769745,-70.5602383119411,2.2899676449726063,-13.781019510271925
41.332048679094704,-70.56026750570801,2.3540172148631697,-13.78823710962161
41.33201705794922,-70.56029888697046,2.327249514237858,-13.796194658312269
41.33198464859608,-70.56032642948284,2.2614315752536296,-13.803808968879224
41.33195776670246,-70.56035015664906,2.2923363433262676,-13.81020452287361
41.33192241926471,-70.56037568981152,2.273222328266298,-13.818066991043429
41.331898459558744,-70.56040281264907,2.308794635372692,-13.82429488146806
41.33186466407925,-70.56043748502921,2.435590265031964,-13.832909123610051
41.33183894686705,-70.56046674793028,2.4377352572398765,-13.839942797922717
41.33180629752484,-70.56049942011741,2.4469537068281353,-13.84878700286971
41.33178225847185,-70.56052383341633,2.4556579461342247,-13.855564349848834
41.33175103355807,-70.56054698935297,2.4886338143266964,-13.863969063853963
41.33171672822036,-70.56056954249713,2.533696102482365,-13.87343222302079
41.33168890444335,-70.56059632853732,2.563056162081937,-13.882159386704801
41.33165312790787,-70.56062721813636,2.56206952768239,-13.893466105697529
41.33162780319233,-70.56065818716179,2.5639305478210055,-13.902415833428982
41.33159846049534,-70.56069564661833,2.604610595803308,-13.913096850009664
41.33156359843474,-70.56071561560869,2.5898304113524198,-13.924222777698013
41.33152657820276,-70.56073885635017,2.5828482842496374,-13.9365424221018
41.331487060416784,-70.56075724162855,2.5537630595806173,-13.949605256607766
41.331454586764075,-70.56078043784478,2.5369667197630146,-13.96115999158316
41.331422536438325,-70.56080605911623,2.5202567204091664,-13.97292918123541
41.3313877723742,-70.5608400503514,2.539133635394773,-13.986254703877703
41.331364059893545,-70.56087280974751,2.5095000437010366,-13.9959907073323
41.33132759259685,-70.56089745766909,2.511218315563617,-14.009481006535964
41.3312970707129,-70.56091825379855,2.5025933843971186,-14.020861118504095
41.33126528676464,-70.56094716257678,2.5844431529107195,-14.032911268233988
41.33123674723976,-70.56097017193628,2.589236001630055,-14.043267794237678
41.33120560779139,-70.56100321336334,2.58336267386567,-14.05435163374472
41.33117758616077,-70.56103257629569,2.5888870456425432,-14.06365965504058
41.33114406106867,-70.56105898248468,2.6795215050660834,-14.073859360061245
41.33111657662949,-70.5610869263014,2.63663438907093,-14.081426420958286
41.33108479516517,-70.56112045845414,2.5422375920867837,-14.089094908401325
41.33105516122056,-70.56115087202213,2.595710220419311,-14.095822587359736
41.33102306566745,-70.56117538341441,2.3749613979929385,-14.103237056576054
41.33099787858074,-70.56119830938728,2.3975666116169,-14.108767334477509
41.33096154064972,-70.56122742508606,2.374051670980624,-14.116837154415832
41.33093175656158,-70.56125091541777,2.356911458886622,-14.123438658026439
41.330897900158405,-70.56127801646588,2.4565980915241363,-14.130946750886382
41.330865616632124,-70.56131045853843,2.4476825764785732,-14.137811475369302
41.33084428030237,-70.5613316489648,2.367291908536509,-14.142487063395698
41.330811792467,-70.56136332782158,2.4907103666375807,-14.149868911099043
41.33078085998991,-70.56139492955964,2.3708220782125644,-14.157094427552678
41.33075936880805,-70.5614169314932,2.381889481834399,-14.162279541398663
41.3307247111456,-70.56145086504601,2.4957236217306242,-14.17100854460369
41.33069086052793,-70.56147733848884,2.3197192553774273,-14.180144394025259
41.330663924421074,-70.56149768323631,2.265898850832988,-14.187658289504855
41.33062534819555,-70.56152804747578,2.3319433544329815,-14.198723658160791
41.33059668649582,-70.56155407374138,2.2370306276326937,-14.20713608923282
41.330561626320055,-70.56157981005683,2.2544969829711032,-14.217910837170665
41.33052813739594,-70.56160165516843,2.283892928535572,-14.228567729651694
41.33049911270893,-70.5616284043132,2.299590567072947,-14.237976293842594
41.33045697594195,-70.56166394435307,2.370030078912808,-14.252188888075358
41.33043451946113,-70.56168859489367,2.2831312195858735,-14.260043784241523
41.3304057438724,-70.56171240407257,2.3457560729232814,-14.27036576816234
41.33036836677524,-70.56174477445128,2.258541381181359,-14.284231555229084
41.330346446602746,-70.56176437089367,2.211574932868453,-14.292604715255871
41.33030028884331,-70.56179707691084,2.2984997772732085,-14.31053612453401
41.33027755834761,-70.5618159906403,2.2421949472936387,-14.319681856544634
41.33024810391,-70.56183592469937,2.3348021527188485,-14.331568345658539
41.33021243509313,-70.56186617790453,2.3443200807269418,-14.34647040426505
41.33017627544582,-70.56189940076506,2.296377981048274,-14.361980105264422
41.330151851239286,-70.56192503999564,2.266516087821666,-14.372724724405055
41.33011030652311,-70.56195813387683,2.293063554114288,-14.39065361406721
41.330087649704964,-70.56197957862061,2.213554945949538,-14.400702090549885
41.33005786184341,-70.5620052330301,2.2494673669744825,-14.413859068959127
41.330027698198016,-70.56202820873439,2.2740622294991155,-14.427087236861537
41.329989491545795,-70.56205831116286,2.248449361021156,-14.444030551336597
41.32996058580802,-70.56208602861075,2.2672159011113435,-14.457298257700385
41.32992761782476,-70.56211234596172,2.3309195819370836,-14.472153046350003
41.32988934554465,-70.56214573085505,2.290425468141405,-14.489742482802878
41.32986763548282,-70.56216316994367,2.269376376837365,-14.499659790756583
41.32983403934913,-70.5621877856175,2.381927669939614,-14.514878994623889
41.32979935479842,-70.56221204046098,2.3419969324040975,-14.530567033278924
41.32977569341592,-70.56223169927547,2.4269501966866804,-14.541586088159544
41.32973841220367,-70.56226187317854,2.3769343034145045,-14.558957816138676
41.32969781391691,-70.56229047249934,2.4048884064796185,-14.577575945440342
41.32966530296138,-70.56231715449228,2.402714176935207,-14.59290823177427
41.32962912782171,-70.56234661710918,2.3742898206484924,-14.610019887994092
41.32960440144892,-70.56236948697615,2.3425645615991235,-14.62203316907651
41.3295763281587,-70.56239232570773,2.343415026223003,-14.635399187743614
41.329552180812854,-70.56241637986332,2.3659099384548004,-14.647387758631599
41.329520442300144,-70.56244538555228,2.4286011724155623,-14.662926292827537
41.3294817138663,-70.56248012389342,2.3138686355888827,-14.681885635379397
41.32945198569252,-70.56251015891527,2.318756812288808,-14.696862162031609
41.329416617125524,-70.56254264810345,2.2496181403174673,-14.714370824860483
41.32939327028431,-70.56256313957721,2.239686120732663,-14.725843125138864
41.32935987048793,-70.56259127697939,2.2367504282826762,-14.742143623708742
41.32933734093538,-70.56261690584341,2.2133159248459875,-14.753943073884457
41.32931146178975,-70.56264212505937,2.261724557914429,-14.767019282614552
41.32927832068296,-70.56267165599287,2.2933382021393944,-14.78345040201415
41.32924703832805,-70.56270099575364,2.3434943437934104,-14.799154582690901
41.32921399652876,-70.56273660266292,2.2156355742648746,-14.81633775665255
41.329186545559125,-70.56276333176116,2.2380008638607714,-14.830266456707118
41.32915740490965,-70.56279505245874,2.1908998055040505,-14.845491521027107
41.329132193496406,-70.56282198804442,2.202284515060546,-14.858606159167083
41.32910456697262,-70.56285037999744,2.219468797535732,-14.872831185492794
41.32907179253878,-70.56288509220921,2.1543430874003637,-14.889841846272386
41.329052473872686,-70.56290307236165,2.1726112444790653,-14.899527602503055
41.32901661292995,-70.5629410199294,2.221553680011007,-14.918113685986492
41.32898711207117,-70.56297164190944,2.2380540627896806,-14.93330410776504
41.328960098307256,-70.56300132616332,2.2503067360424622,-14.947426454433247
41.328932404403616,-70.56303156917153,2.2465459313051106,-14.961859324692348
41.32890103808417,-70.56306518813385,2.2190225691943346,-14.978086452080973
41.328871450746725,-70.56309045729935,2.262904081115837,-14.99242671658714
41.328838414009326,-70.56312470583886,2.149595225291398,-15.009255718259979
41.32881003216155,-70.56315198230372,2.1781105755338586,-15.023354847153227
41.32877768638555,-70.56318833280874,2.1425646499078352,-15.040130991581526
41.32875234787162,-70.5632168793356,2.0841935544281207,-15.053176989010424
41.32872317988829,-70.56325081798813,2.055302787120383,-15.068225574223373
41.32870068841922,-70.56327379190284,2.137087856925504,-15.079038630812118
41.32866568183301,-70.56331465004283,2.1623267294417015,-15.096541020059728
41.32864494743451,-70.56334330613758,2.1863412332975463,-15.107395730500508
41.328608203706786,-70.56338300875989,2.196421989714899,-15.125355098877094
41.32858747033577,-70.56340918920772,2.115688185719976,-15.135795465991503
41.32855768304278,-70.56343959038237,2.1035330517973443,-15.149974178407078
41.32853747351275,-70.56346379566703,2.0759859314067315,-15.15986797798331
41.32850110289895,-70.56349960167867,2.1324199635787773,-15.176809851948255
41.32847309200757,-70.56352915518765,2.098783442047036,-15.189921272538529
41.32844741496745,-70.5635615434304,2.02103364683526,-15.202292426582229
41.32841688873917,-70.563589810254,1.9752123826882624,-15.216010810859165
41.32838928409578,-70.5636227903343,1.9760267493914776,-15.228902982832798
41.32836397662924,-70.56365378057289,1.9888724374595963,-15.24065586788598
41.328334411723745,-70.56368493740821,1.9575739647757693,-15.253875266754928
41.32830607249067,-70.56371515584075,2.0244700799070103,-15.266444656991643
41.3282803042122,-70.56374333268305,2.0136566621614014,-15.277808211758256
41.32825771983094,-70.56377402378764,2.0545710797005534,-15.288042500165362
41.328225480594,-70.56380667778137,2.091976821165912,-15.301807318497803
41.32818919439914,-70.56384419355308,2.1121438717149768,-15.317144886398626
41.32816273426596,-70.56387300599562,2.0974466481693037,-15.328266004002444
41.32813421391307,-70.56390145173964,2.1037521820712226,-15.339987327301785
41.32811338147269,-70.56392718000966,2.0950468589808726,-15.348689235748903
41.328084463771454,-70.56395454080067,2.123935345933872,-15.36026122981339
41.328050986564435,-70.56398305218693,2.096405363045344,-15.373362338691429
41.3280234705098,-70.56400968943551,2.161602919171333,-15.384127947286958
41.32798988730347,-70.5640321485591,2.1626272998447953,-15.3967218811095
41.327957505869186,-70.56406116902083,2.1266653151929513,-15.408983756967393
41.32793494527367,-70.56408510684037,2.2190378692040102,-15.417551797686802
41.32789598737736,-70.56411479335652,2.169783172304023,-15.431754414201466
41.32787186735611,-70.56413774497341,2.1588199316324173,-15.440570593724749
41.327837733085566,-70.56417355840897,2.1469990473471774,-15.452955140092142
41.3278106647215,-70.56419593995652,2.1886865118557304,-15.462465605716899
41.32777881365723,-70.56422543395288,2.384497982111449,-15.473568880114938
41.32773315433182,-70.56424932733553,2.2241706225413957,-15.48878851929444
41.32771295299336,-70.56427291619705,2.1730338881175726,-15.49569526892913
41.32767899976202,-70.56429923897099,2.2135104840078905,-15.506858856409426
41.32765294905528,-70.5643239602344,2.1621599527807263,-15.51536339491074
41.327626602100224,-70.56434280739224,2.1912014380263827,-15.52374449672203
41.3275947648369,-70.56437182698986,2.1672848978241612,-15.533792878291777
41.327570511701396,-70.56440018892205,2.148860044951401,-15.541364082539628
41.32753753043655,-70.56443018818732,2.1545910965155213,-15.551383634318599
41.32751148252115,-70.56446076190714,2.1351893237301627,-15.5591425307834
41.32747944619692,-70.56448748981794,2.1261218020806902,-15.568482041442355
41.32745138443344,-70.56451642852956,2.1222725011033887,-15.576463437401998
41.32742738656492,-70.56454318360409,2.1513439128895606,-15.583116975964591
41.32739396580705,-70.56456975280142,2.2391551892362265,-15.592292161986123
41.32736641117648,-70.56460277533881,2.208203773229805,-15.59949764260687
41.3273345608534,-70.56463792000537,2.1775994715234117,-15.607613452277247
41.32730498674686,-70.56466924781688,2.180761398252213,-15.61493847996384
41.327271070890156,-70.56470506967177,2.0916429111519794,-15.623093777094033
41.32725194207227,-70.56473311324072,2.0693045008479687,-15.627380452278476
41.3272181717724,-70.5647638409462,2.1942796629936283,-15.635488987327658
41.3271948324123,-70.56479647958065,2.1980073347296423,-15.640798713955135
41.327161529913994,-70.56482442661833,2.2002676307261693,-15.648470148203518
41.32714131581088,-70.56485231276505,2.1195410033762805,-15.652825315602831
41.32711363713774,-70.5648829266543,2.1933420418461846,-15.658731946354957
41.32708946458233,-70.5649111160612,2.2552927138143164,-15.663732778277241
41.32705952376657,-70.56494195811375,2.258907323398757,-15.669762504529986
41.32703036420977,-70.56496767231654,2.304478261619163,-15.675436369234442
41.32700089032741,-70.56499390370301,2.3734535261780603,-15.680961784723667
41.32697575378616,-70.56502504921612,2.38034248279298,-15.68554914010033
41.326944642216205,-70.56505792483843,2.5185356012067395,-15.691049490248641
41.326909683742024,-70.56508578782477,2.4220439345382037,-15.696937300842835
41.326880244946786,-70.56511582462227,2.255139421832392,-15.70177589981714
41.32686242487229,-70.56513587748884,2.246882695039657,-15.704661065735706
41.32682124741066,-70.56517401611173,2.285277537815306,-15.711039004758971
41.326798620630676,-70.5652012898033,2.260906989892907,-15.714543878279137
41.326762910428094,-70.56523122618844,2.4017076473700842,-15.71971721222337
41.32673300773091,-70.56526046941397,2.404626877874411,-15.724007209618135
41.3267040740463,-70.56528841877656,2.331855917933188,-15.728062610117979
41.32668146975828,-70.56531351504735,2.3269245235071483,-15.73124790940024
41.32665521343537,-70.56534242841428,2.408692681193442,-15.73487442340961
41.3266236755752,-70.5653670303695,2.3835699127036487,-15.73885448307718
41.326598084935355,-70.56539517938029,2.309608841931117,-15.742188440811578
41.32657375403797,-70.56542372107486,2.362145489213462,-15.745311087071466
41.326540434468,-70.56545608448148,2.414640996592365,-15.749245293898799
41.32651126224856,-70.56548222742497,2.2983813485394147,-15.752465636601164
41.32648197423673,-70.56550793120564,2.4148644776537616,-15.755519868227116
41.32645921549109,-70.56553184098462,2.4968755651801833,-15.75783631366952
41.326428548282024,-70.56555883725163,2.5758701823661063,-15.760519988997665
41.32640207118924,-70.56558487905887,2.621028568697618,-15.76260768755099
41.326366451417286,-70.56561553060476,2.641853412889749,-15.765015190059193
41.326338029650174,-70.56563810810515,2.5831225327028458,-15.766691999860619
41.32630265482868,-70.56567121703078,2.5845594920059383,-15.768584459794138
41.326272779599684,-70.56568797821137,2.415547779647847,-15.76997298801451
41.326246476842215,-70.56570995544399,2.437929211071416,-15.771148257049834
41.32620916325855,-70.56574160267807,2.431502167943901,-15.77273122819565
41.326187376736414,-70.56575782296977,2.4247384420325107,-15.77362419955572
41.326147644252025,-70.56578664399862,2.4574171882013953,-15.775226240949324
41.32612336941469,-70.56580570584215,2.4694549405904986,-15.776199529240674
41.32609025069656,-70.56583699067794,2.559664571171313,-15.777545310519557
41.32606047411036,-70.56586193199468,2.5831993135920803,-15.77872577394785
41.326028630680874,-70.56588942854417,2.5465786693192896,-15.779981861553294
41.32600360050693,-70.5659094236617,2.5935498842608093,-15.78095097263738
41.32597437837863,-70.56594326118358,2.6059367307182204,-15.782141209158354
41.32594876088317,-70.56596599133559,2.5948805079415274,-15.783131697114834
41.325920751379265,-70.5659876843156,2.857445556062024,-15.784187224515792
41.325883998451914,-70.56602080269828,2.8963827117974663,-15.78558834353005
41.32584903277909,-70.56605079076336,2.800235176296767,-15.7869001818596
41.32582329659606,-70.5660750291105,2.787761395550189,-15.787867684200643
41.325793875027344,-70.56610042627376,2.8555303716205596,-15.78895528412242
41.3257661484159,-70.56612546543795,2.9272173300886983,-15.789976068989143
41.32573975679993,-70.56614815031354,3.075320584884128,-15.79093796036082
41.325705626342746,-70.56618124770739,3.2120676841228315,-15.792174807421537
41.32567349301839,-70.56621455279688,3.2065669484485446,-15.79333170032808
41.32564203315261,-70.56624261225107,3.29676600495895,-15.79438540590395
41.3256122760279,-70.56627563897501,3.3807180531860688,-15.795254272089569
41.32558221582667,-70.56631032871856,3.496219948427291,-15.795968063585011
41.32555484866755,-70.56634360584809,3.4980590860964758,-15.79651079984738
41.325531674540095,-70.566374884109,3.7411656694133737,-15.79687688192595
41.32549866789384,-70.56641396105738,3.7578511585120973,-15.797392557358577
41.32547805465475,-70.56643982284315,3.8329747652029096,-15.79766634384447
41.32544652646571,-70.56647427011835,3.819829291007602,-15.79812292783428
41.32541885405285,-70.5665042404406,3.7900527669218067,-15.798516156479252
41.325391944825476,-70.56652820137315,3.9056352278536925,-15.798970944198853
41.32536460144876,-70.56655421529935,3.756190798524841,-15.79942648984575
41.325345217168746,-70.56657422384046,3.8143736366563377,-15.799743389752512
41.325310467772674,-70.56661767542369,3.8593804699628866,-15.80026949107913
41.32528907812753,-70.56663987395842,3.8197044144768055,-15.800691711801782
41.32527119230611,-70.56667692579065,3.7152178980939636,-15.800974542045166
41.325263531271716,-70.566700156327,3.7192684124046145,-15.801171215647203
41.32521546786813,-70.566727511196,3.8441734178746234,-15.802431743644204
41.32519543750831,-70.56674364480108,3.8683324015704406,-15.80304485933846
41.32517019529151,-70.56675442597677,3.9646828746056233,-15.803930118954849
41.325129374163794,-70.5667739717837,4.2972060317862555,-15.805567355466039
41.3250401516845,-70.56681143628674,4.87984583372282,-15.80994805440081
41.32495477529535,-70.56685737401712,5.282028168220833,-15.815164676103977
41.32492994001349,-70.56686156800438,5.492559767770074,-15.81694489081869
41.32492614381264,-70.56687378119464,5.965579174644005,-15.81717832383135
41.32495921159638,-70.56685482152288,6.533599531527326,-15.814865440213634
41.32498864159534,-70.5668383817507,6.954054491669824,-15.812961240277314
41.325015075385785,-70.5668244407373,7.251685392143562,-15.811364886768677
41.325039401666295,-70.56681273215085,7.445522966896571,-15.809982688138827
41.32506086976478,-70.56680328701916,7.554212298164193,-15.808828565064607
41.32508078976118,-70.56679512915834,7.58667578829813,-15.807811745052776
41.32509917640131,-70.56678835849016,7.560257310732324,-15.80691663238731
41.32511892887769,-70.5667800422574,7.471215249243385,-15.806013123970962
41.32513480136453,-70.56677399653674,7.311187158141891,-15.80532024749085
41.325149225719805,-70.56676830770674,7.0785281326236085,-15.804720243139167
41.32515937567715,-70.56676500262814,6.793850328845596,-15.804310381179814
41.32519186705856,-70.56672594220167,6.503703225378048,-15.803277054467028
41.325220459517375,-70.56668883797667,6.309036141913508,-15.802538371804287
41.325247097099044,-70.56665445967222,6.185462316091466,-15.801959730379723
41.32527201001393,-70.56662029435894,6.08585441633226,-15.801531539129483
41.32529536519528,-70.56658706717583,5.998018852121837,-15.801216801541988
41.325318947009734,-70.56655231107626,5.855250939850548,-15.800977742383065
41.32533965775723,-70.56651571743153,5.678705400944308,-15.800929517389298
41.32536131604704,-70.56647907720478,5.61427226502148,-15.800889117314695
41.32538303481685,-70.56644054522357,5.509892307150435,-15.800918400512385
41.325404674987155,-70.56640281477286,5.487485841819015,-15.80094888554775
41.32542779239357,-70.56636275272942,5.3325661896739245,-15.800975421485985
41.32544683983557,-70.5663393207491,5.228414276018797,-15.800706500951781
41.32546696977225,-70.56631426598537,5.201223080771541,-15.800348217195168
41.32549174996164,-70.56628430095245,5.200705655249132,-15.79976399432539
41.32552143672884,-70.56624181203635,5.160968064141865,-15.798873164158676
41.325550601148024,-70.56619702230245,4.931818501530684,-15.798043449896417
41.32556449371354,-70.5661659804006,4.7940607674185785,-15.798114963681384
41.32559175430645,-70.5661169548966,4.678327873839921,-15.797508738803657
41.32560119847337,-70.56606992770534,4.609437092499062,-15.79727350682652
41.3256277026381,-70.56603739160306,4.387324556611242,-15.795876751849132
41.325666646938075,-70.56601479160041,4.019913290143094,-15.793927365624961
41.325697782311885,-70.56599275342465,3.936437909180651,-15.792550176216945
41.32574104600851,-70.56596609290678,4.056270465254203,-15.790717179895426
41.325758935253596,-70.56592069135446,4.276245272598624,-15.789969033270937
41.32577776586893,-70.565893868423,4.239601057169674,-15.789180080880435
41.32581907698161,-70.56586045865872,3.857801212466716,-15.787471579460217
41.325842953866086,-70.56583737821299,3.7674468846707763,-15.786497885607139
41.325865633791224,-70.5658148646594,3.9752624807570434,-15.785582564512584
41.325897201158625,-70.56578947420415,3.82845147080644,-15.784329696400704
41.32593110219811,-70.56576404033599,3.849281763237885,-15.783006907609467
41.325953312855475,-70.56573598317162,3.383696667995091,-15.782145245348088
41.32598924817685,-70.56571837282007,3.250977155595127,-15.780782642335726
41.326011193063565,-70.56568974910287,3.266386695471643,-15.779957514750656
41.326033767396304,-70.5656659975013,3.297911387360832,-15.779123218191755
41.32605898319464,-70.56563740054008,3.279580608368644,-15.778210910395645
41.32608904809104,-70.56560200049991,3.5681632215234598,-15.77715563458693
41.32611516066607,-70.56557982575104,3.608782927907172,-15.776236558565552
41.326153908843494,-70.56554186474264,3.6877341934678567,-15.774838971029801
41.32617551225962,-70.56551618824338,3.2721256326115147,-15.77400167435417
41.32620585045414,-70.56549402665834,3.8272867837286006,-15.772664213009385
41.32623462698729,-70.56546487426151,3.8558827475596167,-15.771239988703392
41.3262609204648,-70.56543507216229,3.7890103901433823,-15.769739466144879
41.326281922547416,-70.56540035946765,3.346768102630508,-15.768312797453113
41.32630273033371,-70.56537995048798,3.4844613646849827,-15.76679094866318
41.326325862196164,-70.56535414016247,3.6259400664355135,-15.764869578427632
41.326361575510994,-70.56531457170158,3.64532506442654,-15.761688924256587
41.32638273813887,-70.5652869655171,3.5378259096980873,-15.759680397761196
41.326425180068746,-70.5652463811538,3.7115901790762695,-15.75566012841938
41.32644396817679,-70.56521861047612,3.5185904409985187,-15.753737889796701
41.326475601860935,-70.56517842714942,3.5883808531272523,-15.75052695250517
41.3264952575987,-70.5651546545571,3.4499152960853836,-15.748524533576502
41.32652635274268,-70.56512838803087,3.4366029595634786,-15.745368637849795
41.3265630825426,-70.56509596319998,3.136094999810638,-15.741608448845247
41.326584997207966,-70.56507611770587,3.1912094322122537,-15.739349690491723
41.3266167126514,-70.56505303389484,3.369184577023565,-15.73600422631142
41.3266484327755,-70.56503021312247,3.1488647186249117,-15.73257154088791
41.32667978076549,-70.56501276366903,3.056257617617747,-15.729017557916334
41.326706205393144,-70.56499941712912,3.2159472130840974,-15.725901465416568
41.32673808092691,-70.56498179603997,3.255575749955133,-15.722025143362519
41.326773928629734,-70.56496528003247,3.431865267410765,-15.717418811405544
41.32680830064063,-70.56494396744239,3.553022854215733,-15.71288155616448
41.32684764195676,-70.56491985367137,3.289900142316832,-15.707420320286541
41.326883372961184,-70.56489495765987,3.1302965516794865,-15.702262563066665
41.3269160598505,-70.5648681177792,3.069605533626654,-15.697419409810328
41.326951615934824,-70.56483461283393,2.7879151574121814,-15.692035145835009
41.326975867163995,-70.56481065943517,2.6541466069896655,-15.688262364877227
41.32700709137454,-70.56478601435205,2.6614714401597297,-15.683019185670698
41.32703570899549,-70.56476371965344,2.6613111134352403,-15.67799424936479
41.32706877253218,-70.56474450481639,2.874370237868894,-15.671667192442978
41.327099402909234,-70.5647283386068,3.0223998250074633,-15.66545311714434
41.32713096512579,-70.56471073770209,3.098046033766314,-15.658786251723733
41.32715935011013,-70.56468445187124,3.1694593387981502,-15.65281803958823
41.327190178973275,-70.564657913451,3.057604773847549,-15.64632474022901
41.32721056789937,-70.56463291952245,3.0868638301248037,-15.642188174020632
41.32724423906941,-70.56460256613312,3.1473983951326687,-15.634231577163032
41.32727871528488,-70.56457197959966,3.019942181608954,-15.625354533914399
41.32730483548496,-70.56453795063486,2.8714135781445416,-15.618996194790745
41.32733148898942,-70.56450485638275,2.885171520873059,-15.612212516285345
41.327370054823916,-70.56447365508035,3.108384480787597,-15.601182340567851
41.32740027972521,-70.56444587655898,3.1095542105643874,-15.592510219398292
41.32743345891058,-70.56442291796066,3.186557871647959,-15.582522761431715
41.3274617524679,-70.5643907917967,3.1018681731989166,-15.574261688549557
41.327494842874884,-70.56437071289879,3.0759568322247857,-15.563942387861285
41.32752344854553,-70.56434742959588,2.823934587745106,-15.555054539804528
41.32754883142503,-70.5643231219684,2.889722948554215,-15.54709053072092
41.32758114594973,-70.56430065475986,2.5921860483002823,-15.53675942114316
41.32760745926307,-70.56428425589634,2.6880403874949055,-15.528303056049651
41.32764710585477,-70.56425905629742,2.8710564645198873,-15.515505907241316
41.327678120394445,-70.56424395978134,2.828235556683247,-15.505616528453583
41.3277123510218,-70.56422660726506,2.5959191327105167,-15.494620134896369
41.327740463718975,-70.56420426404823,2.5214386416263155,-15.48515559371256
41.3277761474484,-70.56418240094949,2.8315069730144597,-15.473194879623994
41.32780555229065,-70.56416401525668,2.6955106605617627,-15.463173702873023
41.32784121342626,-70.56414016284876,2.73419193929645,-15.450783559897014
41.32787854676341,-70.56412153243481,2.9041867005533,-15.437822423424105
41.32791352632568,-70.5640995393789,2.7666214111148513,-15.425326741076898
41.32794117029229,-70.56407767045103,2.6908234014784975,-15.415169128698128
41.32797346508628,-70.56405976887112,2.4473737666808013,-15.403417729420067
41.3280056438624,-70.56404271046372,2.7323307255694718,-15.391577026144667
41.32804004349069,-70.56401427215806,2.636236709702589,-15.378416768723232
41.32806749809382,-70.56399327874189,2.6871390164397138,-15.367844125611121
41.32810520806127,-70.56396740972932,2.8393972519118487,-15.353248288669043
41.328137938532706,-70.56394201752074,2.855865176420322,-15.34031442294186
41.32816294594712,-70.56390678422987,2.4782770255412823,-15.329723525602935
41.328188081129866,-70.56387711109609,2.420492161437509,-15.319158373219441
41.32821964218022,-70.56384824886702,2.56955957071449,-15.306107786857108
41.3282492506047,-70.56381537894775,2.6639833872519745,-15.293452252325272
41.3282801441924,-70.56378006380449,2.5787519292793504,-15.28002870572159
41.32830740264909,-70.56375504397701,2.3522845291344874,-15.268382532173435
41.32833426722884,-70.56372341655307,2.3481661028825247,-15.256406358974393
41.32836152573853,-70.56369484528946,2.4699338522373164,-15.24433522608457
41.32839103390167,-70.56366045592969,2.4778874051723294,-15.230919935190643
41.32841790747019,-70.56363218588108,2.3819019942698167,-15.218776832270494
41.32844661869378,-70.56360334137287,2.293486535242386,-15.205781801163582
41.328482235927176,-70.56357431891317,2.4241382345260187,-15.189985960521689
41.328515686484174,-70.56354576384476,2.33958858626087,-15.17492676428288
41.32853973431164,-70.56352659641047,2.271618030878249,-15.16411799590922
41.32857330664684,-70.56349534306526,2.255330622509707,-15.148633208288684
41.328601123979425,-70.56346998117152,2.295042885704683,-15.135892840874135
41.32862738596996,-70.5634421876217,2.451974661504106,-15.123603474628665
41.328662452523865,-70.56341165701919,2.342571833311487,-15.107884964365507
41.32868918708034,-70.56338639640391,2.2400551245672213,-15.095840348013676
41.32871132130222,-70.56336193473828,2.395580733859767,-15.085583262552044
41.328751410907046,-70.56332516705368,2.465401716798998,-15.068096759991798
41.32877776170113,-70.5633032746055,2.404631808341026,-15.05647711271079
41.32881269235577,-70.5632720786883,2.526452374099441,-15.039875188580318
41.328836103744344,-70.56325024846252,2.661273225700971,-15.028524526859494
41.328874131248064,-70.56321749498828,2.831887785393049,-15.010472769645196
41.3289044255073,-70.56318895095252,2.7918023810487944,-14.995645768952917
41.328939260074684,-70.56315737583208,2.7338242874467946,-14.978632363002765
41.328967318027914,-70.56313249813073,2.788538897022484,-14.96491151168228
41.329002678752566,-70.56311037644262,2.848644605128901,-14.948976814420755
41.32902735747094,-70.56308457325053,2.8753280970173916,-14.936143111790921
41.32906014661333,-70.56305457367581,2.8404320328952744,-14.919689066873868
41.32909313423512,-70.56302010671901,3.0078077515180457,-14.902342172176805
41.329123582094184,-70.56299757352271,3.010625829249111,-14.887814253345864
41.32915055325261,-70.56296925299702,2.8324202047031233,-14.873553338955082
41.32917389242986,-70.56294540272243,2.792024744206074,-14.861314177025745
41.32920625718309,-70.56290975455356,3.1077294314835218,-14.843929101561558
41.32924072842419,-70.5628864814571,2.875381661760184,-14.827725123699262
41.32926343256034,-70.56286792807425,2.8498304018669467,-14.816529473046065
41.32929883249492,-70.56283083046392,3.110688051189559,-14.797795399010164
41.329328860567124,-70.56280551271286,3.0784131990322607,-14.782857258380849
41.329363959448195,-70.56277202371827,3.4456089113281423,-14.764807640753103
41.32939575703685,-70.56274466894091,3.440566325946493,-14.748913311255267
41.32942536276004,-70.56272457359205,3.497651712237629,-14.73490927516465
41.32945886525782,-70.56270137768989,3.7042382982982316,-14.71898848040606
41.32948351649264,-70.56267469365528,3.749786482754301,-14.705888266098237
41.32951886642627,-70.56265071555555,3.884829367002408,-14.689171170966757
41.32955515266854,-70.56262938858063,3.7575933596768354,-14.672472846434818
41.32958361910393,-70.56261221897478,3.4094982419527304,-14.659307575489601
41.32961634471543,-70.56258917452027,3.424241248358921,-14.643716590621603
41.32964731349699,-70.56257023830646,3.2561917243265497,-14.629361126501495
41.32967661920066,-70.5625543757287,3.100332189496781,-14.61605302475501
41.32971506000023,-70.56253152573764,3.3202615432825313,-14.598320765079112
41.32974859037156,-70.56251064612415,3.2804223888115107,-14.582733207475014
41.329780426464154,-70.5624895485682,3.437845202311137,-14.567779351681812
41.32981510249892,-70.56246221094382,3.5711386168872292,-14.550970810539955
41.329850250345054,-70.56243762909752,3.6056234742669506,-14.534359373778408
41.32988110600092,-70.5624106406953,3.2519896966368274,-14.519170805155332
41.329909030041094,-70.56238923310164,3.167767350588931,-14.505820910596066
41.329939041875626,-70.56236299005559,2.9524117332340882,-14.49115849469086
41.329968833468996,-70.56234041072189,2.8097191208636447,-14.477040563977587
41.329996640521266,-70.56231264262011,2.7332643478091323,-14.463218913146939
41.33002741848823,-70.56228000795915,2.927248662477444,-14.44784341014432
41.33005809148256,-70.56225072572377,2.853981552423812,-14.432959614435033
41.3300858435287,-70.56222166960475,3.0977532504882808,-14.419361105799238
41.33011711233494,-70.56219575356877,3.297134737272305,-14.404761408709899
41.330147038398835,-70.5621671717876,3.3112192502150957,-14.390570469129594
41.33017865311096,-70.56213924532798,3.5657811053634823,-14.375887469046381
41.33020822294791,-70.56211374032006,3.5586029195431723,-14.36231164280524
41.33024351129971,-70.56209618354562,3.466517881659773,-14.347246497616613
41.330276311529296,-70.56207287711335,3.589223444328571,-14.332985435577013
41.33031500910196,-70.56205671158415,3.660818461088126,-14.317189532566601
41.33035240768289,-70.56203610305383,3.6020492656519716,-14.301872152235347
41.330387185427035,-70.56201619227333,3.623392788267112,-14.28783420747407
41.330421934412385,-70.56199547815274,3.5364563608583035,-14.274008575323382
41.33045503163958,-70.56197844086819,3.544741129676099,-14.26120734135919
41.33048785064981,-70.56195515538519,3.606330358607856,-14.248434328781531
41.330522287912565,-70.56193100491936,3.5272695083147405,-14.235353839140231
41.33055297247034,-70.56190419957893,3.35531406253299,-14.223774136459918
41.33058082119702,-70.56187763757083,3.2561654029920555,-14.21345867892325
41.330613526268074,-70.56185957441613,3.3794967368759834,-14.202033742244778
41.33064350602411,-70.56183216525102,3.3762757944153017,-14.191537740051809
41.33067489496757,-70.56180259157247,3.236014825885738,-14.180867978973492
41.330701480786814,-70.56177712160947,3.345105662584354,-14.172104111649261
41.33073262575824,-70.56175167335753,3.5073917150903178,-14.162185873318519
41.33076652562117,-70.56172951030977,3.537848451075254,-14.151730408769929
41.330800645277016,-70.5617113064199,3.6111974853805355,-14.141485525219656
41.330834726495276,-70.56169055980475,3.6428910918604736,-14.131549039565108
41.33087199120939,-70.56167427654532,3.606055527950263,-14.120908046062526
41.330904932579976,-70.56165591978429,3.504817583743127,-14.1118134195198
41.33093772658771,-70.56162784324341,3.382809052139618,-14.103265752624166
41.330973238342295,-70.56160273144224,3.200879388510404,-14.094217392940202
41.33100538528556,-70.56158132539618,3.141384769782197,-14.086258165215076
41.33103472720732,-70.56155794102705,3.2934201283906104,-14.079373769882432
41.331072819283264,-70.56153482319314,3.118764899428854,-14.070440888938471
41.331097826121784,-70.56151325202613,3.1977982356702777,-14.065070907358141
41.33113224729713,-70.56147806895446,3.1687661311233604,-14.058272737304605
41.331161883413,-70.56145510590241,3.1429690161935646,-14.052271619953956
41.33119460515011,-70.56142580658562,3.2589569940418794,-14.046055951431281
41.33123226182183,-70.5614094167526,3.211036818218315,-14.037844522749213
41.331263804615105,-70.5613944310293,3.3718413436324823,-14.030999907679053
41.33130024553726,-70.56136913503265,3.49328121955178,-14.02337796315689
41.331332683951466,-70.56134490373705,3.407525293878419,-14.016458247784554
41.3313587628188,-70.56130985898284,3.1278035935466946,-14.01091301417196
41.33138965427751,-70.5612879041794,2.9848633046443895,-14.002895968298757
41.33142088227205,-70.56125965951037,3.0189466766721957,-13.994047611666483
41.33145209577441,-70.5612295683769,3.0287680039681963,-13.984407012653806
41.33148413893569,-70.56121054748346,3.137838002744857,-13.974345602776708
41.331521434022,-70.56118763401635,3.1251780419841353,-13.96281214496747
41.331558575230716,-70.56115484902904,2.9270452951851325,-13.951250420045843
41.3315848341935,-70.56113398272218,2.8827191183258916,-13.943324967437734
41.3316201905161,-70.56110492025029,2.989665888480763,-13.93285914802488
41.33165338855065,-70.56106536642778,2.852679585160174,-13.92270839946599
41.331684671675426,-70.56103493420942,2.772731719886837,-13.913693565862156
41.33171697453711,-70.5610065022115,2.9789535169978776,-13.904826514718804
41.33174945076195,-70.56098459330342,3.035809980225758,-13.896676495280788
41.33178112870651,-70.56096754238591,3.157304202699984,-13.889390884121818
41.33180824276257,-70.56092276340553,3.1680445301861075,-13.881505062782065
41.33184192510679,-70.56090379776484,3.2402883592759273,-13.874377270288182
41.33186999647585,-70.56087915514907,3.2278607754245097,-13.868097363903592
41.33190210484183,-70.560857488769,3.238921713603064,-13.861632487620028
41.33193257778763,-70.56081723284609,3.32798945347754,-13.854251822384674
41.3319596595063,-70.56077600525003,3.2895741722549143,-13.847354395198982
41.33197752411013,-70.56073801820553,3.25947540645504,-13.841951897540598
41.332000991321294,-70.56071481003431,3.455088463056932,-13.837057051765248
41.332033140958316,-70.56067940593702,3.776084627989165,-13.83015801608813
41.33207327980698,-70.56065156863289,3.9265624991765673,-13.82311259567878
41.33210913667115,-70.56062487594276,4.065926828421633,-13.816799110204236
41.33214394597466,-70.56058620358796,4.124906868734152,-13.809552112272259
41.332173285342726,-70.56055630250916,4.083994932820702,-13.803617933918007
41.33220762956356,-70.56053370234693,4.074601396599462,-13.797819994515743
41.332240086975105,-70.56051135651916,4.039485457415689,-13.792230680019381
41.33227673825111,-70.5604875021428,3.8579599070330866,-13.786040824132257
41.33230249273477,-70.56046082884411,3.697498732941277,-13.780627777698147
41.332334643287915,-70.56044000269779,3.6224228247137367,-13.775156427276139
41.33236905029152,-70.56041488153025,3.426411864696746,-13.768964318525475
41.332400169305465,-70.56039180342079,3.426366941138184,-13.76328955936884
41.33243713624441,-70.5603630018225,3.388298045167627,-13.756340857688626
41.332458452953574,-70.56034324720171,3.1188545329402793,-13.751936795718782
41.33248667182655,-70.56031373209119,3.1118873090126526,-13.7456546661743
41.33251503287491,-70.56028879213416,3.1407087504677174,-13.739848299018165
41.33254585508192,-70.56025939744423,3.3184831489067914,-13.73319409975046
41.33257951304374,-70.56022955965629,3.417237310874796,-13.726134167282133
41.33261532380097,-70.56020213281982,3.5172701686604757,-13.719112531882931
41.33264999276261,-70.56017527500562,3.5370013818273525,-13.712377057039285
41.33268153359587,-70.56014578849539,3.1282167082811374,-13.70578736019715
41.33271012833533,-70.56012419557491,3.1045757608333453,-13.700516478238514
41.332747664887876,-70.56008737141912,3.075758550196833,-13.69281257734793
41.33277145051714,-70.56006310211072,3.2078025745708687,-13.687937761915949
41.33280088005931,-70.56003469924099,3.728599248198416,-13.682165598558598
41.33283275355263,-70.56000673968617,3.864453976476155,-13.676269238045364
41.33286271711455,-70.55998538184005,3.759033685367427,-13.671223465609872
41.33289644064899,-70.55995539190093,3.830861421621965,-13.665043246695696
41.33292583763199,-70.55992881131716,3.937245380702707,-13.659649571762692
41.33295106430663,-70.55990392628954,3.951786980859474,-13.654786279858627
41.332982288588,-70.55988798400999,4.033436245178156,-13.649747229926506
41.333013434098895,-70.55986114716906,3.9970323659166964,-13.64339700575146
41.33305198345661,-70.55983935173786,4.017464749978365,-13.63601461421276
41.33308038070574,-70.55980914622793,4.044525483754243,-13.62878319231517
41.33311432398873,-70.55978150998304,3.990378244564822,-13.620376819114718
41.33315068256238,-70.5597546793677,4.035365784128204,-13.610923942214422
41.33318414490837,-70.55972869979195,4.006832737269166,-13.601371536098407
41.33321886301613,-70.55971221362681,3.846007730834841,-13.59183320772189
41.333253440873776,-70.55969162404833,3.66908595329139,-13.58115127953319
41.33328839260374,-70.55967450379552,3.696299949174766,-13.570108920280095
41.33332545591511,-70.55966143031222,3.5077681810030534,-13.55830626980269
41.33335862334465,-70.55964825601026,3.509594358609341,-13.546995369603124
41.3333933474377,-70.55962322112717,3.505475403695012,-13.533173065436436
41.333427627586666,-70.55960585058492,3.622438561247751,-13.519846958720725
41.33346295789063,-70.55958267541126,3.6936297285442485,-13.504821901809699
41.33349014836074,-70.55957048917165,3.5958402080904515,-13.493605284578384
41.33352292321852,-70.55953872764451,3.5926841562203222,-13.477252444879678
41.333555392782436,-70.5595190106255,3.609762294434945,-13.462161960734544
41.33358658782138,-70.55950196480498,3.4206329890516756,-13.447490558565496
41.33361619051004,-70.55947877408923,3.5580627506741056,-13.43212007079285
41.333652839934786,-70.55943995093438,3.746532804713875,-13.411383050818545
41.333683570518815,-70.55940746713442,3.6976767456434243,-13.394180765521456
41.333715039557134,-70.55937680409423,3.577930643957093,-13.377322801756641
41.33374378932541,-70.55934913427515,3.5735885694845146,-13.362469501538607
41.33377134690187,-70.5593138471349,3.692994056136435,-13.347893297678306
41.33380043069559,-70.5592840445813,3.5108077438658727,-13.334278109594957
41.33383342271828,-70.55924723285342,3.665271814780708,-13.317145974102191
41.33386155834841,-70.55922019563779,3.428669051247449,-13.300728877254464
41.33389508837868,-70.55919120314076,3.211893954065494,-13.279600484792462
41.33392231984018,-70.55916392765656,3.1672404911922536,-13.260259610894632
41.33395285997686,-70.55913521040671,3.172263826295565,-13.237762532055061
41.33398080917078,-70.55911321387015,3.0949699625522396,-13.217479638283558
41.33400673957009,-70.55908409964174,3.294884391243746,-13.196001686135276
41.33403569759645,-70.55906051405036,3.2659815910956076,-13.17451695755069
41.334067320511444,-70.55903301936941,3.5033528890321595,-13.15097839638889
41.33410230640104,-70.5590065276611,3.699145954116302,-13.126351732539096
41.33413805826676,-70.55898257312603,3.7209688932166967,-13.102377694484769
41.33416578011184,-70.55895193971561,3.951935693928946,-13.081481543868854
41.334197568270525,-70.55892827411992,4.08172042589679,-13.060506618778764
41.33423008313709,-70.55889851256978,4.144922012659958,-13.038429109438848
41.334263376664616,-70.55886826609229,4.025254105706197,-13.016505484869722
41.33429554114859,-70.55884729183438,3.908525309404108,-12.997408312755605
41.33432985478143,-70.55881865967648,3.956093221102035,-12.976538106447531
41.334359222678025,-70.55878860479439,4.098255402716357,-12.958390015996423
41.33438679222217,-70.55875325880332,4.250674185786742,-12.940962492577073
41.33441365276337,-70.55870940469678,4.329382453595514,-12.923601779023638
41.334442901315825,-70.55868197334924,4.387328484108093,-12.908047792156577
41.33447310951296,-70.55868475665524,4.476262727881803,-12.895911352479624
41.33450421539487,-70.55864561425075,4.433900466407994,-12.879374117705284
41.33453550316729,-70.5586307036288,4.354256502117394,-12.865861444421418
41.33457021786173,-70.55860996700278,4.2180366939014915,-12.851082970555181
41.33460179047953,-70.55859283019365,4.019801622613472,-12.838386291750597
41.33462290090298,-70.55850775435854,3.873989187717503,-12.824098750513476
41.33466008482796,-70.55854567413795,3.690622902693074,-12.814838500266443
41.334677772742225,-70.55845959182295,4.077835955858954,-12.802089368404609
41.334706686311605,-70.55844114407144,4.200499114654741,-12.791564283493392
41.33470989827885,-70.55833684533971,4.359119595968176,-12.783078953817988
41.33474666092644,-70.55831214479291,4.414253014803325,-12.77018546446026
41.3347796278907,-70.558289232829,4.3445712396825735,-12.75896907336436
41.33484698439555,-70.55834222870804,4.172287464998724,-12.744309916877192
41.33487708527009,-70.55831415773486,4.323437053199716,-12.734438700723821
41.33490528819789,-70.55828546862926,4.500937169364835,-12.72524445697124
41.33493293115342,-70.55826090189997,4.528089640561422,-12.716717663279326
41.33496044765455,-70.55823982853202,4.512965391539732,-12.708684365463137
41.334993175841326,-70.55821923849187,4.419200331985822,-12.699695240026406
41.33503465210611,-70.55819719408747,4.270946841272067,-12.688942547281147
41.33506416241891,-70.55817690311919,4.148355250495939,-12.681166409343954
41.33509459299029,-70.55814186279464,4.113508973222544,-12.672279380137237
41.335118843059114,-70.55811075582136,4.099066068274865,-12.665109787112506
41.33515049937096,-70.55809053218933,4.257259196381476,-12.657423227993124
41.33518010265785,-70.55804071450355,4.313768131251517,-12.648168369339473
41.335212623732986,-70.558026384175,4.367444193980243,-12.641097653576496
41.33523210496209,-70.55798574753561,4.460136799079506,-12.634660348473169
41.33526685620729,-70.55794459788102,4.554998028974515,-12.625582045397923
41.335299485709484,-70.5579076176557,4.518764860257711,-12.617349820370112
41.33531604249973,-70.55787379339058,4.642933881322926,-12.612199615262378
41.335345068921235,-70.55783199459334,4.787199130292876,-12.604475637552827
41.335376933815716,-70.55778499619315,4.896156648866675,-12.596053740576506
41.33540216867453,-70.55782980276416,4.940345846221094,-12.595152260193352
41.33543670690711,-70.5577816272461,4.96134155838919,-12.58641462067479
41.335461904820434,-70.557737572297,4.968678422642158,-12.579483820566702
41.33548622005615,-70.55770548745785,4.9947758618012905,-12.573597681043378
41.33551827180145,-70.55767767997463,5.032699549530733,-12.566956539503604
41.335552888336856,-70.55765616422748,5.0700308664017,-12.560528804984894
41.33558725284231,-70.55764023809162,5.1120486354484695,-12.55470605876001
41.33561883481385,-70.55761561163011,5.116969464073973,-12.548700800054087
41.33565914875947,-70.55757173695872,5.101053958880927,-12.540146574062378
41.33568565632442,-70.55755110058071,5.0366253940146235,-12.535239544195871
41.33571871775701,-70.55752745960402,4.930718792923978,-12.52936946451111
41.33575062804419,-70.55749077570151,4.91136572582602,-12.522569493504813
41.33577678434964,-70.55747483804808,4.895608074335218,-12.518261238320713
41.33580907412269,-70.55744572154701,4.947790251053912,-12.512151466495624
41.335832647693834,-70.55740574338522,5.1333850267884875,-12.505965180086305
41.335858151806995,-70.55738944651615,5.235132783480424,-12.501770272462963
41.33589434910532,-70.55736189771481,5.335001083664432,-12.495448983459061
41.33591941042118,-70.55734107992447,5.361546221331631,-12.490911381101274
41.33595175442589,-70.55731420439166,5.379029702264824,-12.485047874994075
41.335981523775125,-70.55729542230728,5.4514204655017915,-12.480309282148841
41.33601843732406,-70.55727309744802,5.479431689267811,-12.474597471771357
41.336048668019906,-70.55723926494151,5.496427170312155,-12.468039316451277
41.33607733682474,-70.55721680545555,5.462697039004825,-12.462941627632004
41.33612584041173,-70.5571809690403,5.466765286938668,-12.454595500174337
41.33615725149167,-70.55715828698197,5.427272024813326,-12.449391788380629
41.33619027780439,-70.55713149221283,5.413267982094095,-12.443684888651731
41.33620831101376,-70.5571045031309,5.384817201576443,-12.439097888687458
41.33624559524495,-70.55707653095615,5.2827501584835606,-12.433608756883807
41.33626937108124,-70.55705301640378,5.179352847810054,-12.429649514194601
41.336311085628765,-70.55703392304629,5.143077111856799,-12.425769133424504
41.33634396277122,-70.55701312988155,5.100950035442115,-12.422327281277788
41.33637452995297,-70.55698373305844,5.08506205321799,-12.418248207111288
41.33640607953599,-70.55696238743522,4.96901081844506,-12.415284321768572
41.336407426138436,-70.55694482246133,5.010594311270948,-12.413423862466864
41.33644779265513,-70.55691857311854,5.141401295660904,-12.410133291044865
41.33647856828401,-70.55690663904102,5.248699126746126,-12.408604255497455
41.33650672416255,-70.55689732723944,5.065498346437008,-12.407456437825243
41.336507466636974,-70.55687164317995,4.584550774883857,-12.405074626512837
41.336539481172686,-70.55687570154821,3.9918491349483536,-12.405229802765687
41.3365460718004,-70.5568660937698,3.5361052970496782,-12.4043310858999
41.3365624625449,-70.55686134809649,3.4368645772968387,-12.40383000499865
41.3365810758828,-70.55686281532066,3.888403566355369,-12.403870851074611
41.33658570258871,-70.55685565138181,4.495324157338035,-12.40323073674168
41.3365979674155,-70.55685614239096,4.499974518693215,-12.403215127581403
41.336595311237424,-70.55686400555871,4.360378969346123,-12.40390054542048
41.33661965705414,-70.55687411031684,4.387664808040636,-12.4046175946466
41.33662616425943,-70.5568766509328,4.374950485146632,-12.404788482521578
41.33658712084246,-70.5568527804385,4.290714279248143,-12.402978686275036
41.3365815153276,-70.55683610418761,4.46648943090654,-12.401588132299583
41.3365890098988,-70.55684244156018,4.54819308924856,-12.402094021624205
41.33657531038777,-70.55685902466645,4.417869287300424,-12.403568879952935
41.33656366901572,-70.55687055483595,3.8907172449477527,-12.404637904557136
41.33656229811669,-70.55686289354891,3.662619491513114,-12.403966657594799
41.33655975519777,-70.55685704810118,3.6876998376652974,-12.40346613963746
41.33655428282689,-70.55685998053049,3.5192315533235567,-12.403748858261066
41.33655634231878,-70.55685550573132,3.652212379800232,-12.403347536322924
41.33656253662177,-70.55686730227487,3.8405017197940348,-12.404355007154196
41.33656236116169,-70.55688887037189,3.7858005314918333,-12.406288840134879
41.33655574332824,-70.55687160274839,3.8117861822859784,-12.404771824259075
41.336573566309376,-70.55685342022903,4.66443876884978,-12.403090766756563
41.33658692037501,-70.5568252717726,5.222941896849079,-12.400673103330762
41.33658380220925,-70.55683221634378,5.535708420094155,-12.40125619375799
41.33657786842312,-70.55683616466244,6.225292630141812,-12.401606092176406
