time,sensor,channel,sensor_name,freq,segment_start,time_diff_s
2023-12-01T21:00:02.600000,3dvha,7,Omni Hydrophone,21.24,2023-12-01T21:00:00.000000,
2023-12-01T21:00:12.280000,3dvha,7,Omni Hydrophone,21.04,2023-12-01T21:00:00.000000,9.68
2023-12-01T21:00:21.440000,3dvha,7,Omni Hydrophone,21.68,2023-12-01T21:00:00.000000,9.16
2023-12-01T21:00:31.480000,3dvha,7,Omni Hydrophone,20.8,2023-12-01T21:00:00.000000,10.04
2023-12-01T21:00:40.800000,3dvha,7,Omni Hydrophone,20.8,2023-12-01T21:00:00.000000,9.32
2023-12-01T21:00:50.160000,3dvha,7,Omni Hydrophone,23.34,2023-12-01T21:00:00.000000,9.36
2023-12-01T21:01:00.240000,3dvha,7,Omni Hydrophone,22.51,2023-12-01T21:01:00.000000,10.08
2023-12-01T21:01:09.800000,3dvha,7,Omni Hydrophone,22.51,2023-12-01T21:01:00.000000,9.559999999999999
2023-12-01T21:01:19.200000,3dvha,7,Omni Hydrophone,23.1,2023-12-01T21:01:00.000000,9.4
2023-12-01T21:01:28.960000,3dvha,7,Omni Hydrophone,20.8,2023-12-01T21:01:00.000000,9.76
2023-12-01T21:01:39.600000,3dvha,7,Omni Hydrophone,20.21,2023-12-01T21:01:00.000000,10.639999999999999
2023-12-01T21:01:49.280000,3dvha,7,Omni Hydrophone,19.97,2023-12-01T21:01:00.000000,9.68
2023-12-01T21:01:58.640000,3dvha,7,Omni Hydrophone,23.54,2023-12-01T21:01:00.000000,9.36
2023-12-01T21:02:08.440000,3dvha,7,Omni Hydrophone,23.1,2023-12-01T21:02:00.000000,9.799999999999999
2023-12-01T21:02:17.920000,3dvha,7,Omni Hydrophone,22.71,2023-12-01T21:02:00.000000,9.48
2023-12-01T21:02:27.440000,3dvha,7,Omni Hydrophone,22.9,2023-12-01T21:02:00.000000,9.52
2023-12-01T21:02:38.280000,3dvha,7,Omni Hydrophone,20.8,2023-12-01T21:02:00.000000,10.84
2023-12-01T21:02:48.040000,3dvha,7,Omni Hydrophone,20.61,2023-12-01T21:02:00.000000,9.76
2023-12-01T21:02:58.080000,3dvha,7,Omni Hydrophone,19.78,2023-12-01T21:02:00.000000,10.04
2023-12-01T21:03:07.120000,3dvha,7,Omni Hydrophone,23.34,2023-12-01T21:03:00.000000,9.04
2023-12-01T21:03:16.800000,3dvha,7,Omni Hydrophone,23.34,2023-12-01T21:03:00.000000,9.68
2023-12-01T21:03:26.040000,3dvha,7,Omni Hydrophone,22.71,2023-12-01T21:03:00.000000,9.24
2023-12-01T21:03:35.480000,3dvha,7,Omni Hydrophone,22.9,2023-12-01T21:03:00.000000,9.44
2023-12-01T21:03:45.200000,3dvha,7,Omni Hydrophone,20.61,2023-12-01T21:03:00.000000,9.719999999999999
2023-12-01T21:03:56.040000,3dvha,7,Omni Hydrophone,20.21,2023-12-01T21:03:00.000000,10.84
2023-12-01T21:04:05.560000,3dvha,7,Omni Hydrophone,22.27,2023-12-01T21:04:00.000000,9.52
2023-12-01T21:04:15.120000,3dvha,7,Omni Hydrophone,23.1,2023-12-01T21:04:00.000000,9.559999999999999
2023-12-01T21:04:24.720000,3dvha,7,Omni Hydrophone,21.24,2023-12-01T21:04:00.000000,9.6
2023-12-01T21:04:35.200000,3dvha,7,Omni Hydrophone,19.97,2023-12-01T21:04:00.000000,10.479999999999999
2023-12-01T21:05:27.160000,3dvha,7,Omni Hydrophone,19.38,2023-12-01T21:05:00.000000,
2023-12-01T21:05:36.840000,3dvha,7,Omni Hydrophone,20.41,2023-12-01T21:05:00.000000,9.68
2023-12-01T21:05:46.240000,3dvha,7,Omni Hydrophone,21.24,2023-12-01T21:05:00.000000,9.4
2023-12-01T21:05:56.440000,3dvha,7,Omni Hydrophone,21.04,2023-12-01T21:05:00.000000,10.2
2023-12-01T21:06:06.825000,3dvha,7,Omni Hydrophone,21.44,2023-12-01T21:06:00.000000,10.385
2023-12-01T21:06:16.445000,3dvha,7,Omni Hydrophone,22.07,2023-12-01T21:06:00.000000,9.62
2023-12-01T21:06:26.130000,3dvha,7,Omni Hydrophone,22.9,2023-12-01T21:06:00.000000,9.684999999999999
2023-12-01T21:06:36.660000,3dvha,7,Omni Hydrophone,21.88,2023-12-01T21:06:00.000000,10.53
2023-12-01T21:06:45.890000,3dvha,7,Omni Hydrophone,21.68,2023-12-01T21:06:00.000000,9.23
2023-12-01T21:06:55.250000,3dvha,7,Omni Hydrophone,21.04,2023-12-01T21:06:00.000000,9.36
2023-12-01T21:07:30.680000,3dvha,7,Omni Hydrophone,19.97,2023-12-01T21:07:00.000000,
2023-12-01T21:07:40.105000,3dvha,7,Omni Hydrophone,20.61,2023-12-01T21:07:00.000000,9.424999999999999
2023-12-01T21:07:49.400000,3dvha,7,Omni Hydrophone,21.68,2023-12-01T21:07:00.000000,9.295
2023-12-01T21:07:59.345000,3dvha,7,Omni Hydrophone,21.44,2023-12-01T21:07:00.000000,9.945
2023-12-01T21:08:08.905000,3dvha,7,Omni Hydrophone,19.38,2023-12-01T21:08:00.000000,9.559999999999999
2023-12-01T21:08:17.940000,3dvha,7,Omni Hydrophone,20.61,2023-12-01T21:08:00.000000,9.035
2023-12-01T21:08:28.795000,3dvha,7,Omni Hydrophone,18.95,2023-12-01T21:08:00.000000,10.854999999999999
2023-12-01T21:08:39.195000,3dvha,7,Omni Hydrophone,19.78,2023-12-01T21:08:00.000000,10.4
2023-12-01T21:08:48.620000,3dvha,7,Omni Hydrophone,19.38,2023-12-01T21:08:00.000000,9.424999999999999
2023-12-01T21:08:58.370000,3dvha,7,Omni Hydrophone,21.24,2023-12-01T21:08:00.000000,9.75
2023-12-01T21:09:07.670000,3dvha,7,Omni Hydrophone,22.9,2023-12-01T21:09:00.000000,9.299999999999999
2023-12-01T21:09:18.460000,3dvha,7,Omni Hydrophone,19.97,2023-12-01T21:09:00.000000,10.79
2023-12-01T21:09:28.015000,3dvha,7,Omni Hydrophone,21.24,2023-12-01T21:09:00.000000,9.555
2023-12-01T21:09:37.310000,3dvha,7,Omni Hydrophone,21.44,2023-12-01T21:09:00.000000,9.295
2023-12-01T21:09:46.800000,3dvha,7,Omni Hydrophone,22.27,2023-12-01T21:09:00.000000,9.49
2023-12-01T21:09:57.460000,3dvha,7,Omni Hydrophone,20.41,2023-12-01T21:09:00.000000,10.66
2023-12-01T21:10:06.565000,3dvha,7,Omni Hydrophone,21.88,2023-12-01T21:10:00.000000,9.105
2023-12-01T21:10:16.379999,3dvha,7,Omni Hydrophone,23.1,2023-12-01T21:10:00.000000,9.814999
2023-12-01T21:10:26.715000,3dvha,7,Omni Hydrophone,21.24,2023-12-01T21:10:00.000000,10.335001
2023-12-01T21:11:52.000000,3dvha,7,Omni Hydrophone,20.8,2023-12-01T21:11:00.000000,
2023-12-01T21:12:01.235000,3dvha,7,Omni Hydrophone,21.04,2023-12-01T21:12:00.000000,9.235
2023-12-01T21:12:10.595000,3dvha,7,Omni Hydrophone,19.97,2023-12-01T21:12:00.000000,9.36
2023-12-01T21:12:21.515000,3dvha,7,Omni Hydrophone,20.61,2023-12-01T21:12:00.000000,10.92
2023-12-01T21:12:30.615000,3dvha,7,Omni Hydrophone,22.9,2023-12-01T21:12:00.000000,9.1
2023-12-01T21:12:40.235000,3dvha,7,Omni Hydrophone,22.07,2023-12-01T21:12:00.000000,9.62
2023-12-01T21:12:49.985000,3dvha,7,Omni Hydrophone,21.88,2023-12-01T21:12:00.000000,9.75
2023-12-01T21:12:59.800000,3dvha,7,Omni Hydrophone,23.1,2023-12-01T21:12:00.000000,9.815
2023-12-01T21:13:09.100000,3dvha,7,Omni Hydrophone,22.71,2023-12-01T21:13:00.000000,9.299999999999999
2023-12-01T21:13:19.370000,3dvha,7,Omni Hydrophone,19.58,2023-12-01T21:13:00.000000,10.27
2023-12-01T21:13:28.795000,3dvha,7,Omni Hydrophone,22.27,2023-12-01T21:13:00.000000,9.424999999999999
2023-12-01T21:13:37.830000,3dvha,7,Omni Hydrophone,22.07,2023-12-01T21:13:00.000000,9.035
2023-12-01T21:13:47.190000,3dvha,7,Omni Hydrophone,23.54,2023-12-01T21:13:00.000000,9.36
2023-12-01T21:13:56.485000,3dvha,7,Omni Hydrophone,23.54,2023-12-01T21:13:00.000000,9.295
2023-12-01T21:14:06.565000,3dvha,7,Omni Hydrophone,20.8,2023-12-01T21:14:00.000000,10.08
2023-12-01T21:14:17.095000,3dvha,7,Omni Hydrophone,21.68,2023-12-01T21:14:00.000000,10.53
2023-12-01T21:14:26.455000,3dvha,7,Omni Hydrophone,22.71,2023-12-01T21:14:00.000000,9.36
2023-12-01T21:14:36.335000,3dvha,7,Omni Hydrophone,21.24,2023-12-01T21:14:00.000000,9.879999999999999
2023-12-01T21:14:45.305000,3dvha,7,Omni Hydrophone,22.51,2023-12-01T21:14:00.000000,8.969999999999999
2023-12-01T21:14:55.250000,3dvha,7,Omni Hydrophone,21.68,2023-12-01T21:14:00.000000,9.945
2023-12-01T21:15:04.680000,3dvha,7,Omni Hydrophone,19.14,2023-12-01T21:15:00.000000,9.43
2023-12-01T21:15:13.715000,3dvha,7,Omni Hydrophone,21.88,2023-12-01T21:15:00.000000,9.035
2023-12-01T21:15:23.920000,3dvha,7,Omni Hydrophone,21.24,2023-12-01T21:15:00.000000,10.205
2023-12-01T21:15:33.410000,3dvha,7,Omni Hydrophone,21.04,2023-12-01T21:15:00.000000,9.49
2023-12-01T21:15:42.575000,3dvha,7,Omni Hydrophone,21.24,2023-12-01T21:15:00.000000,9.165
2023-12-01T21:15:51.740000,3dvha,7,Omni Hydrophone,23.1,2023-12-01T21:15:00.000000,9.165
2023-12-01T21:16:01.170000,3dvha,7,Omni Hydrophone,22.51,2023-12-01T21:16:00.000000,9.43
2023-12-01T21:16:10.660000,3dvha,7,Omni Hydrophone,21.24,2023-12-01T21:16:00.000000,9.49
2023-12-01T21:16:20.215000,3dvha,7,Omni Hydrophone,21.44,2023-12-01T21:16:00.000000,9.555
2023-12-01T21:16:30.615000,3dvha,7,Omni Hydrophone,21.24,2023-12-01T21:16:00.000000,10.4
2023-12-01T21:16:39.650000,3dvha,7,Omni Hydrophone,23.1,2023-12-01T21:16:00.000000,9.035
2023-12-01T21:16:49.140000,3dvha,7,Omni Hydrophone,23.1,2023-12-01T21:16:00.000000,9.49
2023-12-01T21:16:58.695000,3dvha,7,Omni Hydrophone,21.68,2023-12-01T21:16:00.000000,9.555
2023-12-01T21:17:07.670000,3dvha,7,Omni Hydrophone,21.04,2023-12-01T21:17:00.000000,8.975
2023-12-01T21:17:16.705000,3dvha,7,Omni Hydrophone,21.44,2023-12-01T21:17:00.000000,9.035
2023-12-01T21:17:26.390000,3dvha,7,Omni Hydrophone,21.24,2023-12-01T21:17:00.000000,9.684999999999999
2023-12-01T21:17:36.985000,3dvha,7,Omni Hydrophone,20.21,2023-12-01T21:17:00.000000,10.594999999999999
2023-12-01T21:17:47.710000,3dvha,7,Omni Hydrophone,20.41,2023-12-01T21:17:00.000000,10.725
2023-12-01T21:17:57.590000,3dvha,7,Omni Hydrophone,21.88,2023-12-01T21:17:00.000000,9.879999999999999
2023-12-01T21:18:07.150000,3dvha,7,Omni Hydrophone,21.88,2023-12-01T21:18:00.000000,9.559999999999999
2023-12-01T21:18:16.640000,3dvha,7,Omni Hydrophone,21.04,2023-12-01T21:18:00.000000,9.49
2023-12-01T21:18:26.065000,3dvha,7,Omni Hydrophone,19.78,2023-12-01T21:18:00.000000,9.424999999999999
2023-12-01T21:18:36.595000,3dvha,7,Omni Hydrophone,21.88,2023-12-01T21:18:00.000000,10.53
2023-12-01T21:20:06.435000,3dvha,7,Omni Hydrophone,20.8,2023-12-01T21:20:00.000000,
2023-12-01T21:20:16.900000,3dvha,7,Omni Hydrophone,21.04,2023-12-01T21:20:00.000000,10.465
2023-12-01T21:20:26.780000,3dvha,7,Omni Hydrophone,20.8,2023-12-01T21:20:00.000000,9.879999999999999
2023-12-01T21:20:35.945000,3dvha,7,Omni Hydrophone,20.61,2023-12-01T21:20:00.000000,9.165
2023-12-01T21:20:45.110000,3dvha,7,Omni Hydrophone,21.68,2023-12-01T21:20:00.000000,9.165
2023-12-01T21:20:54.665000,3dvha,7,Omni Hydrophone,21.44,2023-12-01T21:20:00.000000,9.555
2023-12-01T21:21:04.094999,3dvha,7,Omni Hydrophone,22.71,2023-12-01T21:21:00.000000,9.429998999999999
2023-12-01T21:21:13.585000,3dvha,7,Omni Hydrophone,22.27,2023-12-01T21:21:00.000000,9.490001
2023-12-01T21:21:23.855000,3dvha,7,Omni Hydrophone,20.8,2023-12-01T21:21:00.000000,10.27
2023-12-01T21:21:32.630000,3dvha,7,Omni Hydrophone,22.07,2023-12-01T21:21:00.000000,8.775
2023-12-01T21:21:42.185000,3dvha,7,Omni Hydrophone,21.68,2023-12-01T21:21:00.000000,9.555
2023-12-01T21:21:51.285000,3dvha,7,Omni Hydrophone,22.71,2023-12-01T21:21:00.000000,9.1
2023-12-01T21:22:01.495000,3dvha,7,Omni Hydrophone,20.61,2023-12-01T21:22:00.000000,10.209999999999999
2023-12-01T21:22:11.180000,3dvha,7,Omni Hydrophone,20.61,2023-12-01T21:22:00.000000,9.684999999999999
2023-12-01T21:22:20.475000,3dvha,7,Omni Hydrophone,21.04,2023-12-01T21:22:00.000000,9.295
2023-12-01T21:22:30.095000,3dvha,7,Omni Hydrophone,19.97,2023-12-01T21:22:00.000000,9.62
2023-12-01T21:22:39.195000,3dvha,7,Omni Hydrophone,22.07,2023-12-01T21:22:00.000000,9.1
2023-12-01T21:22:49.075000,3dvha,7,Omni Hydrophone,21.24,2023-12-01T21:22:00.000000,9.879999999999999
2023-12-01T21:22:58.305000,3dvha,7,Omni Hydrophone,20.8,2023-12-01T21:22:00.000000,9.23
2023-12-01T21:23:07.605000,3dvha,7,Omni Hydrophone,20.61,2023-12-01T21:23:00.000000,9.299999999999999
2023-12-01T21:23:17.095000,3dvha,7,Omni Hydrophone,20.8,2023-12-01T21:23:00.000000,9.49
2023-12-01T21:23:26.195000,3dvha,7,Omni Hydrophone,22.71,2023-12-01T21:23:00.000000,9.1
2023-12-01T21:23:35.555000,3dvha,7,Omni Hydrophone,20.8,2023-12-01T21:23:00.000000,9.36
2023-12-01T21:23:45.630000,3dvha,7,Omni Hydrophone,21.24,2023-12-01T21:23:00.000000,10.075
2023-12-01T21:23:56.160000,3dvha,7,Omni Hydrophone,21.24,2023-12-01T21:23:00.000000,10.53
2023-12-01T21:24:05.655000,3dvha,7,Omni Hydrophone,20.61,2023-12-01T21:24:00.000000,9.495
2023-12-01T21:25:12.285000,3dvha,7,Omni Hydrophone,20.41,2023-12-01T21:25:00.000000,
2023-12-01T21:25:21.515000,3dvha,7,Omni Hydrophone,20.21,2023-12-01T21:25:00.000000,9.23
2023-12-01T21:25:32.370000,3dvha,7,Omni Hydrophone,21.04,2023-12-01T21:25:00.000000,10.854999999999999
2023-12-01T21:25:41.470000,3dvha,7,Omni Hydrophone,22.71,2023-12-01T21:25:00.000000,9.1
2023-12-01T21:25:50.895000,3dvha,7,Omni Hydrophone,23.54,2023-12-01T21:25:00.000000,9.424999999999999
2023-12-01T21:26:00.520000,3dvha,7,Omni Hydrophone,23.34,2023-12-01T21:26:00.000000,9.625
2023-12-01T21:26:11.115000,3dvha,7,Omni Hydrophone,22.07,2023-12-01T21:26:00.000000,10.594999999999999
2023-12-01T21:26:20.800000,3dvha,7,Omni Hydrophone,21.44,2023-12-01T21:26:00.000000,9.684999999999999
2023-12-01T21:26:30.290000,3dvha,7,Omni Hydrophone,22.9,2023-12-01T21:26:00.000000,9.49
2023-12-01T21:26:39.585000,3dvha,7,Omni Hydrophone,21.44,2023-12-01T21:26:00.000000,9.295
2023-12-01T21:28:24.895000,3dvha,7,Omni Hydrophone,20.61,2023-12-01T21:28:00.000000,
2023-12-01T21:28:35.165000,3dvha,7,Omni Hydrophone,20.21,2023-12-01T21:28:00.000000,10.27
2023-12-01T21:28:44.200000,3dvha,7,Omni Hydrophone,21.68,2023-12-01T21:28:00.000000,9.035
2023-12-01T21:28:53.105000,3dvha,7,Omni Hydrophone,21.24,2023-12-01T21:28:00.000000,8.905
2023-12-01T21:29:02.730000,3dvha,7,Omni Hydrophone,22.27,2023-12-01T21:29:00.000000,9.625
2023-12-01T21:29:11.700000,3dvha,7,Omni Hydrophone,23.34,2023-12-01T21:29:00.000000,8.969999999999999
2023-12-01T21:29:20.930000,3dvha,7,Omni Hydrophone,22.71,2023-12-01T21:29:00.000000,9.23
2023-12-01T21:29:30.810000,3dvha,7,Omni Hydrophone,22.27,2023-12-01T21:29:00.000000,9.879999999999999
2023-12-01T21:29:40.300000,3dvha,7,Omni Hydrophone,21.88,2023-12-01T21:29:00.000000,9.49
2023-12-01T21:29:50.700000,3dvha,7,Omni Hydrophone,20.61,2023-12-01T21:29:00.000000,10.4
2023-12-01T21:30:00.060000,3dvha,7,Omni Hydrophone,21.44,2023-12-01T21:29:00.000000,9.36
2023-12-01T21:30:09.295000,3dvha,7,Omni Hydrophone,19.78,2023-12-01T21:30:00.000000,9.235
2023-12-01T21:30:19.695000,3dvha,7,Omni Hydrophone,20.21,2023-12-01T21:30:00.000000,10.4
2023-12-01T21:30:28.860000,3dvha,7,Omni Hydrophone,22.07,2023-12-01T21:30:00.000000,9.165
2023-12-01T21:30:38.155000,3dvha,7,Omni Hydrophone,22.07,2023-12-01T21:30:00.000000,9.295
2023-12-01T21:30:47.970000,3dvha,7,Omni Hydrophone,20.61,2023-12-01T21:30:00.000000,9.815
2023-12-01T21:30:57.005000,3dvha,7,Omni Hydrophone,22.9,2023-12-01T21:30:00.000000,9.035
2023-12-01T21:31:06.825000,3dvha,7,Omni Hydrophone,20.41,2023-12-01T21:31:00.000000,9.82
2023-12-01T21:31:15.860000,3dvha,7,Omni Hydrophone,23.34,2023-12-01T21:31:00.000000,9.035
2023-12-01T21:31:25.675000,3dvha,7,Omni Hydrophone,20.8,2023-12-01T21:31:00.000000,9.815
2023-12-01T21:31:35.100000,3dvha,7,Omni Hydrophone,21.04,2023-12-01T21:31:00.000000,9.424999999999999
2023-12-01T21:31:44.590000,3dvha,7,Omni Hydrophone,20.41,2023-12-01T21:31:00.000000,9.49
2023-12-01T21:31:54.795000,3dvha,7,Omni Hydrophone,20.41,2023-12-01T21:31:00.000000,10.205
2023-12-01T21:32:05.265000,3dvha,7,Omni Hydrophone,20.21,2023-12-01T21:32:00.000000,10.469999999999999
2023-12-01T21:32:14.040000,3dvha,7,Omni Hydrophone,23.1,2023-12-01T21:32:00.000000,8.775
2023-12-01T21:32:23.010000,3dvha,7,Omni Hydrophone,23.97,2023-12-01T21:32:00.000000,8.969999999999999
2023-12-01T21:32:32.500000,3dvha,7,Omni Hydrophone,23.34,2023-12-01T21:32:00.000000,9.49
2023-12-01T21:32:42.055000,3dvha,7,Omni Hydrophone,22.07,2023-12-01T21:32:00.000000,9.555
2023-12-01T21:32:51.675000,3dvha,7,Omni Hydrophone,19.97,2023-12-01T21:32:00.000000,9.62
2023-12-01T21:33:00.975000,3dvha,7,Omni Hydrophone,20.21,2023-12-01T21:33:00.000000,9.299999999999999
2023-12-01T21:33:10.920000,3dvha,7,Omni Hydrophone,19.97,2023-12-01T21:33:00.000000,9.945
2023-12-01T21:33:20.540000,3dvha,7,Omni Hydrophone,19.58,2023-12-01T21:33:00.000000,9.62
2023-12-01T21:34:44.785000,3dvha,7,Omni Hydrophone,20.21,2023-12-01T21:34:00.000000,
2023-12-01T21:34:54.535000,3dvha,7,Omni Hydrophone,20.61,2023-12-01T21:34:00.000000,9.75
2023-12-01T21:35:03.445000,3dvha,7,Omni Hydrophone,19.97,2023-12-01T21:35:00.000000,8.91
2023-12-01T21:35:13.130000,3dvha,7,Omni Hydrophone,21.44,2023-12-01T21:35:00.000000,9.684999999999999
2023-12-01T21:35:22.360000,3dvha,7,Omni Hydrophone,23.1,2023-12-01T21:35:00.000000,9.23
2023-12-01T21:35:31.395000,3dvha,7,Omni Hydrophone,21.88,2023-12-01T21:35:00.000000,9.035
2023-12-01T21:35:40.820000,3dvha,7,Omni Hydrophone,22.07,2023-12-01T21:35:00.000000,9.424999999999999
2023-12-01T21:35:50.635000,3dvha,7,Omni Hydrophone,22.71,2023-12-01T21:35:00.000000,9.815
2023-12-01T21:36:01.170000,3dvha,7,Omni Hydrophone,22.71,2023-12-01T21:36:00.000000,10.535
2023-12-01T21:36:10.790000,3dvha,7,Omni Hydrophone,21.88,2023-12-01T21:36:00.000000,9.62
2023-12-01T21:36:20.020000,3dvha,7,Omni Hydrophone,21.88,2023-12-01T21:36:00.000000,9.23
2023-12-01T21:36:30.940000,3dvha,7,Omni Hydrophone,22.71,2023-12-01T21:36:00.000000,10.92
2023-12-01T21:36:40.300000,3dvha,7,Omni Hydrophone,22.51,2023-12-01T21:36:00.000000,9.36
2023-12-01T21:36:49.595000,3dvha,7,Omni Hydrophone,23.1,2023-12-01T21:36:00.000000,9.295
2023-12-01T21:36:59.150000,3dvha,7,Omni Hydrophone,23.73,2023-12-01T21:36:00.000000,9.555
2023-12-01T21:37:08.710000,3dvha,7,Omni Hydrophone,24.17,2023-12-01T21:37:00.000000,9.559999999999999
2023-12-01T21:37:18.460000,3dvha,7,Omni Hydrophone,21.04,2023-12-01T21:37:00.000000,9.75
2023-12-01T21:37:28.015000,3dvha,7,Omni Hydrophone,20.61,2023-12-01T21:37:00.000000,9.555
2023-12-01T21:37:37.245000,3dvha,7,Omni Hydrophone,21.88,2023-12-01T21:37:00.000000,9.23
2023-12-01T21:37:47.775000,3dvha,7,Omni Hydrophone,22.71,2023-12-01T21:37:00.000000,10.53
2023-12-01T21:37:57.460000,3dvha,7,Omni Hydrophone,22.51,2023-12-01T21:37:00.000000,9.684999999999999
2023-12-01T21:38:07.150000,3dvha,7,Omni Hydrophone,21.68,2023-12-01T21:38:00.000000,9.69
2023-12-01T21:38:16.445000,3dvha,7,Omni Hydrophone,20.61,2023-12-01T21:38:00.000000,9.295
2023-12-01T21:38:25.545000,3dvha,7,Omni Hydrophone,22.07,2023-12-01T21:38:00.000000,9.1
2023-12-01T21:38:34.905000,3dvha,7,Omni Hydrophone,22.51,2023-12-01T21:38:00.000000,9.36
2023-12-01T21:38:44.330000,3dvha,7,Omni Hydrophone,20.41,2023-12-01T21:38:00.000000,9.424999999999999
2023-12-01T21:38:53.690000,3dvha,7,Omni Hydrophone,21.24,2023-12-01T21:38:00.000000,9.36
2023-12-01T21:39:04.550000,3dvha,7,Omni Hydrophone,20.41,2023-12-01T21:39:00.000000,10.86
2023-12-01T21:39:14.755000,3dvha,7,Omni Hydrophone,19.97,2023-12-01T21:39:00.000000,10.205
2023-12-01T21:39:24.245000,3dvha,7,Omni Hydrophone,19.97,2023-12-01T21:39:00.000000,9.49
2023-12-01T21:39:34.060000,3dvha,7,Omni Hydrophone,20.61,2023-12-01T21:39:00.000000,9.815
2023-12-01T21:39:44.265000,3dvha,7,Omni Hydrophone,18.75,2023-12-01T21:39:00.000000,10.205
2023-12-01T21:39:54.210000,3dvha,7,Omni Hydrophone,18.75,2023-12-01T21:39:00.000000,9.945
2023-12-01T21:40:03.380000,3dvha,7,Omni Hydrophone,20.21,2023-12-01T21:40:00.000000,9.17
2023-12-01T21:40:14.235000,3dvha,7,Omni Hydrophone,20.61,2023-12-01T21:40:00.000000,10.854999999999999
2023-12-01T21:40:23.400000,3dvha,7,Omni Hydrophone,24.37,2023-12-01T21:40:00.000000,9.165
2023-12-01T21:40:32.695000,3dvha,7,Omni Hydrophone,24.17,2023-12-01T21:40:00.000000,9.295
2023-12-01T21:40:42.575000,3dvha,7,Omni Hydrophone,23.54,2023-12-01T21:40:00.000000,9.879999999999999
2023-12-01T21:40:52.520000,3dvha,7,Omni Hydrophone,20.21,2023-12-01T21:40:00.000000,9.945
2023-12-01T21:42:47.060000,3dvha,7,Omni Hydrophone,19.97,2023-12-01T21:42:00.000000,
2023-12-01T21:42:56.355000,3dvha,7,Omni Hydrophone,18.95,2023-12-01T21:42:00.000000,9.295
2023-12-01T21:43:05.655000,3dvha,7,Omni Hydrophone,21.04,2023-12-01T21:43:00.000000,9.299999999999999
2023-12-01T21:43:15.795000,3dvha,7,Omni Hydrophone,21.04,2023-12-01T21:43:00.000000,10.139999999999999
2023-12-01T21:43:25.285000,3dvha,7,Omni Hydrophone,22.71,2023-12-01T21:43:00.000000,9.49
2023-12-01T21:43:35.425000,3dvha,7,Omni Hydrophone,20.41,2023-12-01T21:43:00.000000,10.139999999999999
2023-12-01T21:43:45.760000,3dvha,7,Omni Hydrophone,21.88,2023-12-01T21:43:00.000000,10.334999999999999
2023-12-01T21:43:55.705000,3dvha,7,Omni Hydrophone,21.68,2023-12-01T21:43:00.000000,9.945
2023-12-01T21:44:04.810000,3dvha,7,Omni Hydrophone,21.88,2023-12-01T21:44:00.000000,9.105
2023-12-01T22:15:06.305000,3dvha,7,Omni Hydrophone,17.92,2023-12-01T22:15:00.000000,
2023-12-01T22:15:17.745000,3dvha,7,Omni Hydrophone,17.68,2023-12-01T22:15:00.000000,11.44
2023-12-01T22:15:27.755000,3dvha,7,Omni Hydrophone,18.31,2023-12-01T22:15:00.000000,10.01
2023-12-01T22:15:36.595000,3dvha,7,Omni Hydrophone,19.14,2023-12-01T22:15:00.000000,8.84
2023-12-01T22:15:45.825000,3dvha,7,Omni Hydrophone,19.78,2023-12-01T22:15:00.000000,9.23
2023-12-01T22:15:55.965000,3dvha,7,Omni Hydrophone,19.97,2023-12-01T22:15:00.000000,10.139999999999999
2023-12-01T22:16:05.785000,3dvha,7,Omni Hydrophone,18.31,2023-12-01T22:16:00.000000,9.82
2023-12-01T22:16:15.535000,3dvha,7,Omni Hydrophone,19.14,2023-12-01T22:16:00.000000,9.75
2023-12-01T22:16:26.520000,3dvha,7,Omni Hydrophone,19.58,2023-12-01T22:16:00.000000,10.985
2023-12-01T22:16:36.530000,3dvha,7,Omni Hydrophone,19.97,2023-12-01T22:16:00.000000,10.01
2023-12-01T22:16:46.345000,3dvha,7,Omni Hydrophone,19.97,2023-12-01T22:16:00.000000,9.815
2023-12-01T22:16:55.380000,3dvha,7,Omni Hydrophone,20.21,2023-12-01T22:16:00.000000,9.035
2023-12-01T22:17:04.615000,3dvha,7,Omni Hydrophone,19.78,2023-12-01T22:17:00.000000,9.235
2023-12-01T22:17:13.845000,3dvha,7,Omni Hydrophone,19.58,2023-12-01T22:17:00.000000,9.23
2023-12-01T22:17:23.660000,3dvha,7,Omni Hydrophone,19.58,2023-12-01T22:17:00.000000,9.815
2023-12-01T22:17:33.345000,3dvha,7,Omni Hydrophone,19.97,2023-12-01T22:17:00.000000,9.684999999999999
2023-12-01T22:17:42.835000,3dvha,7,Omni Hydrophone,19.38,2023-12-01T22:17:00.000000,9.49
2023-12-01T22:17:53.040000,3dvha,7,Omni Hydrophone,19.58,2023-12-01T22:17:00.000000,10.205
2023-12-01T22:18:03.185000,3dvha,7,Omni Hydrophone,19.97,2023-12-01T22:18:00.000000,10.145
2023-12-01T22:18:13.455000,3dvha,7,Omni Hydrophone,19.78,2023-12-01T22:18:00.000000,10.27
2023-12-01T22:18:22.490000,3dvha,7,Omni Hydrophone,19.58,2023-12-01T22:18:00.000000,9.035
2023-12-01T22:18:31.655000,3dvha,7,Omni Hydrophone,19.38,2023-12-01T22:18:00.000000,9.165
2023-12-01T22:18:41.925000,3dvha,7,Omni Hydrophone,18.75,2023-12-01T22:18:00.000000,10.27
2023-12-01T22:18:51.155000,3dvha,7,Omni Hydrophone,18.55,2023-12-01T22:18:00.000000,9.23
2023-12-01T22:19:09.400000,3dvha,7,Omni Hydrophone,20.7,2023-12-01T22:19:00.000000,
2023-12-01T22:19:19.520000,3dvha,7,Omni Hydrophone,19.87,2023-12-01T22:19:00.000000,10.12
2023-12-01T22:19:29.520000,3dvha,7,Omni Hydrophone,21.34,2023-12-01T22:19:00.000000,10.0
2023-12-01T22:19:39.120000,3dvha,7,Omni Hydrophone,18.85,2023-12-01T22:19:00.000000,9.6
2023-12-01T22:19:48.440000,3dvha,7,Omni Hydrophone,22.27,2023-12-01T22:19:00.000000,9.32
2023-12-01T22:19:58.360000,3dvha,7,Omni Hydrophone,18.55,2023-12-01T22:19:00.000000,9.92
2023-12-01T22:20:07.720000,3dvha,7,Omni Hydrophone,20.31,2023-12-01T22:20:00.000000,9.36
2023-12-01T22:20:16.840000,3dvha,7,Omni Hydrophone,19.68,2023-12-01T22:20:00.000000,9.12
2023-12-01T22:20:26.560000,3dvha,7,Omni Hydrophone,19.87,2023-12-01T22:20:00.000000,9.719999999999999
2023-12-01T22:20:36.240000,3dvha,7,Omni Hydrophone,19.68,2023-12-01T22:20:00.000000,9.68
2023-12-01T22:20:45.760000,3dvha,7,Omni Hydrophone,19.97,2023-12-01T22:20:00.000000,9.52
2023-12-01T22:20:55.360000,3dvha,7,Omni Hydrophone,21.68,2023-12-01T22:20:00.000000,9.6
2023-12-01T22:21:04.360000,3dvha,7,Omni Hydrophone,22.61,2023-12-01T22:21:00.000000,9.0
2023-12-01T22:21:14.480000,3dvha,7,Omni Hydrophone,19.97,2023-12-01T22:21:00.000000,10.12
2023-12-01T22:21:23.480000,3dvha,7,Omni Hydrophone,20.12,2023-12-01T22:21:00.000000,9.0
2023-12-01T22:21:33.160000,3dvha,7,Omni Hydrophone,19.38,2023-12-01T22:21:00.000000,9.68
2023-12-01T22:23:57.360000,3dvha,7,Omni Hydrophone,21.68,2023-12-01T22:23:00.000000,
2023-12-01T22:24:07.680000,3dvha,7,Omni Hydrophone,20.7,2023-12-01T22:24:00.000000,10.32
2023-12-01T22:24:17.400000,3dvha,7,Omni Hydrophone,20.12,2023-12-01T22:24:00.000000,9.719999999999999
2023-12-01T22:24:27.080000,3dvha,7,Omni Hydrophone,19.87,2023-12-01T22:24:00.000000,9.68
2023-12-01T22:24:37.680000,3dvha,7,Omni Hydrophone,20.12,2023-12-01T22:24:00.000000,10.6
2023-12-01T22:24:47.760000,3dvha,7,Omni Hydrophone,21.78,2023-12-01T22:24:00.000000,10.08
2023-12-01T22:24:57.320000,3dvha,7,Omni Hydrophone,19.87,2023-12-01T22:24:00.000000,9.559999999999999
2023-12-01T22:25:06.240000,3dvha,7,Omni Hydrophone,24.17,2023-12-01T22:25:00.000000,8.92
2023-12-01T22:25:16.200000,3dvha,7,Omni Hydrophone,23.24,2023-12-01T22:25:00.000000,9.959999999999999
2023-12-01T22:25:26.800000,3dvha,7,Omni Hydrophone,20.12,2023-12-01T22:25:00.000000,10.6
2023-12-01T22:25:36.400000,3dvha,7,Omni Hydrophone,20.61,2023-12-01T22:25:00.000000,9.6
2023-12-01T22:25:46.440000,3dvha,7,Omni Hydrophone,19.68,2023-12-01T22:25:00.000000,10.04
2023-12-01T22:25:56.000000,3dvha,7,Omni Hydrophone,20.31,2023-12-01T22:25:00.000000,9.559999999999999
2023-12-01T22:26:05.080000,3dvha,7,Omni Hydrophone,20.21,2023-12-01T22:26:00.000000,9.08
2023-12-01T22:26:14.280000,3dvha,7,Omni Hydrophone,20.61,2023-12-01T22:26:00.000000,9.2
2023-12-01T22:26:23.880000,3dvha,7,Omni Hydrophone,19.78,2023-12-01T22:26:00.000000,9.6
2023-12-01T22:26:33.520000,3dvha,7,Omni Hydrophone,19.97,2023-12-01T22:26:00.000000,9.639999999999999
2023-12-01T22:26:43.560000,3dvha,7,Omni Hydrophone,21.04,2023-12-01T22:26:00.000000,10.04
2023-12-01T22:26:53.440000,3dvha,7,Omni Hydrophone,21.04,2023-12-01T22:26:00.000000,9.879999999999999
2023-12-01T22:27:03.160000,3dvha,7,Omni Hydrophone,20.41,2023-12-01T22:27:00.000000,9.719999999999999
2023-12-01T22:27:13.200000,3dvha,7,Omni Hydrophone,20.41,2023-12-01T22:27:00.000000,10.04
2023-12-01T22:27:22.760000,3dvha,7,Omni Hydrophone,19.97,2023-12-01T22:27:00.000000,9.559999999999999
2023-12-01T22:27:32.000000,3dvha,7,Omni Hydrophone,21.68,2023-12-01T22:27:00.000000,9.24
2023-12-01T22:27:41.520000,3dvha,7,Omni Hydrophone,22.27,2023-12-01T22:27:00.000000,9.52
2023-12-01T22:27:50.880000,3dvha,7,Omni Hydrophone,21.44,2023-12-01T22:27:00.000000,9.36
2023-12-01T22:28:00.600000,3dvha,7,Omni Hydrophone,21.24,2023-12-01T22:28:00.000000,9.719999999999999
2023-12-01T22:28:09.880000,3dvha,7,Omni Hydrophone,21.44,2023-12-01T22:28:00.000000,9.28
2023-12-01T22:28:19.440000,3dvha,7,Omni Hydrophone,21.68,2023-12-01T22:28:00.000000,9.559999999999999
2023-12-01T22:28:29.360000,3dvha,7,Omni Hydrophone,20.8,2023-12-01T22:28:00.000000,9.92
2023-12-01T22:28:39.120000,3dvha,7,Omni Hydrophone,20.41,2023-12-01T22:28:00.000000,9.76
2023-12-01T22:28:48.640000,3dvha,7,Omni Hydrophone,21.24,2023-12-01T22:28:00.000000,9.52
2023-12-01T22:28:58.280000,3dvha,7,Omni Hydrophone,21.68,2023-12-01T22:28:00.000000,9.639999999999999
2023-12-01T22:29:07.880000,3dvha,7,Omni Hydrophone,21.88,2023-12-01T22:29:00.000000,9.6
2023-12-01T22:29:17.320000,3dvha,7,Omni Hydrophone,22.07,2023-12-01T22:29:00.000000,9.44
2023-12-01T22:29:27.440000,3dvha,7,Omni Hydrophone,22.71,2023-12-01T22:29:00.000000,10.12
2023-12-01T22:29:37.200000,3dvha,7,Omni Hydrophone,21.88,2023-12-01T22:29:00.000000,9.76
2023-12-01T22:29:47.360000,3dvha,7,Omni Hydrophone,20.61,2023-12-01T22:29:00.000000,10.16
2023-12-01T22:29:57.680000,3dvha,7,Omni Hydrophone,20.21,2023-12-01T22:29:00.000000,10.32
2023-12-01T22:30:06.600000,3dvha,7,Omni Hydrophone,20.21,2023-12-01T22:30:00.000000,8.92
2023-12-01T22:30:16.440000,3dvha,7,Omni Hydrophone,20.21,2023-12-01T22:30:00.000000,9.84
2023-12-01T22:30:26.800000,3dvha,7,Omni Hydrophone,19.58,2023-12-01T22:30:00.000000,10.36
2023-12-01T22:32:11.840000,3dvha,7,Omni Hydrophone,19.58,2023-12-01T22:32:00.000000,
2023-12-01T22:32:20.880000,3dvha,7,Omni Hydrophone,20.61,2023-12-01T22:32:00.000000,9.04
2023-12-01T22:32:30.360000,3dvha,7,Omni Hydrophone,19.97,2023-12-01T22:32:00.000000,9.48
2023-12-01T22:32:40.520000,3dvha,7,Omni Hydrophone,19.78,2023-12-01T22:32:00.000000,10.16
2023-12-01T22:32:49.880000,3dvha,7,Omni Hydrophone,20.8,2023-12-01T22:32:00.000000,9.36
2023-12-01T22:32:59.440000,3dvha,7,Omni Hydrophone,23.54,2023-12-01T22:32:00.000000,9.559999999999999
2023-12-01T22:33:08.800000,3dvha,7,Omni Hydrophone,23.54,2023-12-01T22:33:00.000000,9.36
2023-12-01T22:33:18.200000,3dvha,7,Omni Hydrophone,23.73,2023-12-01T22:33:00.000000,9.4
2023-12-01T22:33:27.600000,3dvha,7,Omni Hydrophone,24.37,2023-12-01T22:33:00.000000,9.4
2023-12-01T22:33:36.840000,3dvha,7,Omni Hydrophone,23.34,2023-12-01T22:33:00.000000,9.24
2023-12-01T22:33:46.520000,3dvha,7,Omni Hydrophone,23.97,2023-12-01T22:33:00.000000,9.68
2023-12-01T22:33:56.000000,3dvha,7,Omni Hydrophone,20.21,2023-12-01T22:33:00.000000,9.48
2023-12-01T22:34:05.640000,3dvha,7,Omni Hydrophone,20.61,2023-12-01T22:34:00.000000,9.639999999999999
2023-12-01T22:34:15.160000,3dvha,7,Omni Hydrophone,20.8,2023-12-01T22:34:00.000000,9.52
2023-12-01T22:34:25.320000,3dvha,7,Omni Hydrophone,20.21,2023-12-01T22:34:00.000000,10.16
2023-12-01T22:34:34.760000,3dvha,7,Omni Hydrophone,23.73,2023-12-01T22:34:00.000000,9.44
2023-12-01T22:34:44.360000,3dvha,7,Omni Hydrophone,23.34,2023-12-01T22:34:00.000000,9.6
2023-12-01T22:34:54.080000,3dvha,7,Omni Hydrophone,23.34,2023-12-01T22:34:00.000000,9.719999999999999
2023-12-01T22:35:03.360000,3dvha,7,Omni Hydrophone,23.97,2023-12-01T22:35:00.000000,9.28
2023-12-01T22:35:13.080000,3dvha,7,Omni Hydrophone,23.73,2023-12-01T22:35:00.000000,9.719999999999999
2023-12-01T22:35:22.680000,3dvha,7,Omni Hydrophone,22.9,2023-12-01T22:35:00.000000,9.6
2023-12-01T22:35:31.960000,3dvha,7,Omni Hydrophone,24.56,2023-12-01T22:35:00.000000,9.28
2023-12-01T22:35:41.360000,3dvha,7,Omni Hydrophone,23.97,2023-12-01T22:35:00.000000,9.4
2023-12-01T22:35:50.760000,3dvha,7,Omni Hydrophone,20.8,2023-12-01T22:35:00.000000,9.4
2023-12-01T22:36:00.080000,3dvha,7,Omni Hydrophone,20.8,2023-12-01T22:35:00.000000,9.32
2023-12-01T22:36:09.680000,3dvha,7,Omni Hydrophone,19.97,2023-12-01T22:36:00.000000,9.6
2023-12-01T22:36:18.880000,3dvha,7,Omni Hydrophone,22.27,2023-12-01T22:36:00.000000,9.2
2023-12-01T22:36:28.440000,3dvha,7,Omni Hydrophone,22.51,2023-12-01T22:36:00.000000,9.559999999999999
2023-12-01T22:36:37.840000,3dvha,7,Omni Hydrophone,22.9,2023-12-01T22:36:00.000000,9.4
2023-12-01T22:36:47.360000,3dvha,7,Omni Hydrophone,23.73,2023-12-01T22:36:00.000000,9.52
2023-12-01T22:36:56.720000,3dvha,7,Omni Hydrophone,22.71,2023-12-01T22:36:00.000000,9.36
2023-12-01T22:37:07.080000,3dvha,7,Omni Hydrophone,20.41,2023-12-01T22:37:00.000000,10.36
2023-12-01T22:37:16.320000,3dvha,7,Omni Hydrophone,20.8,2023-12-01T22:37:00.000000,9.24
2023-12-01T22:37:26.200000,3dvha,7,Omni Hydrophone,23.54,2023-12-01T22:37:00.000000,9.879999999999999
2023-12-01T22:37:36.120000,3dvha,7,Omni Hydrophone,22.71,2023-12-01T22:37:00.000000,9.92
2023-12-01T22:37:46.360000,3dvha,7,Omni Hydrophone,19.78,2023-12-01T22:37:00.000000,10.24
2023-12-01T22:37:57.000000,3dvha,7,Omni Hydrophone,19.97,2023-12-01T22:37:00.000000,10.639999999999999
2023-12-01T22:38:06.480000,3dvha,7,Omni Hydrophone,23.97,2023-12-01T22:38:00.000000,9.48
2023-12-01T22:38:15.760000,3dvha,7,Omni Hydrophone,23.97,2023-12-01T22:38:00.000000,9.28
2023-12-01T22:38:25.320000,3dvha,7,Omni Hydrophone,23.73,2023-12-01T22:38:00.000000,9.559999999999999
2023-12-01T22:38:34.760000,3dvha,7,Omni Hydrophone,21.44,2023-12-01T22:38:00.000000,9.44
2023-12-01T22:38:44.120000,3dvha,7,Omni Hydrophone,20.41,2023-12-01T22:38:00.000000,9.36
2023-12-01T22:38:54.360000,3dvha,7,Omni Hydrophone,20.8,2023-12-01T22:38:00.000000,10.24
2023-12-01T22:39:05.120000,3dvha,7,Omni Hydrophone,19.97,2023-12-01T22:39:00.000000,10.76
2023-12-01T22:39:14.480000,3dvha,7,Omni Hydrophone,22.71,2023-12-01T22:39:00.000000,9.36
2023-12-01T22:39:23.880000,3dvha,7,Omni Hydrophone,23.34,2023-12-01T22:39:00.000000,9.4
2023-12-01T22:39:33.000000,3dvha,7,Omni Hydrophone,23.34,2023-12-01T22:39:00.000000,9.12
2023-12-01T22:39:42.320000,3dvha,7,Omni Hydrophone,24.37,2023-12-01T22:39:00.000000,9.32
2023-12-01T22:39:51.640000,3dvha,7,Omni Hydrophone,24.56,2023-12-01T22:39:00.000000,9.32
2023-12-01T22:40:01.000000,3dvha,7,Omni Hydrophone,23.54,2023-12-01T22:40:00.000000,9.36
2023-12-01T22:40:11.200000,3dvha,7,Omni Hydrophone,20.21,2023-12-01T22:40:00.000000,10.2
2023-12-01T22:40:20.760000,3dvha,7,Omni Hydrophone,19.97,2023-12-01T22:40:00.000000,9.559999999999999
2023-12-01T22:40:31.360000,3dvha,7,Omni Hydrophone,20.21,2023-12-01T22:40:00.000000,10.6
2023-12-01T22:42:46.520000,3dvha,7,Omni Hydrophone,19.97,2023-12-01T22:42:00.000000,
2023-12-01T22:42:55.800000,3dvha,7,Omni Hydrophone,21.04,2023-12-01T22:42:00.000000,9.28
2023-12-01T22:43:05.240000,3dvha,7,Omni Hydrophone,23.34,2023-12-01T22:43:00.000000,9.44
2023-12-01T22:43:14.920000,3dvha,7,Omni Hydrophone,23.73,2023-12-01T22:43:00.000000,9.68
2023-12-01T22:43:24.520000,3dvha,7,Omni Hydrophone,22.9,2023-12-01T22:43:00.000000,9.6
2023-12-01T22:43:34.280000,3dvha,7,Omni Hydrophone,23.73,2023-12-01T22:43:00.000000,9.76
2023-12-01T22:43:43.840000,3dvha,7,Omni Hydrophone,23.54,2023-12-01T22:43:00.000000,9.559999999999999
2023-12-01T22:43:52.960000,3dvha,7,Omni Hydrophone,23.54,2023-12-01T22:43:00.000000,9.12
2023-12-01T22:44:02.360000,3dvha,7,Omni Hydrophone,23.54,2023-12-01T22:44:00.000000,9.4
2023-12-01T22:44:12.000000,3dvha,7,Omni Hydrophone,22.27,2023-12-01T22:44:00.000000,9.639999999999999
2023-12-01T22:44:21.640000,3dvha,7,Omni Hydrophone,21.68,2023-12-01T22:44:00.000000,9.639999999999999
2023-12-01T22:44:31.000000,3dvha,7,Omni Hydrophone,23.1,2023-12-01T22:44:00.000000,9.36
2023-12-01T22:44:40.800000,3dvha,7,Omni Hydrophone,23.34,2023-12-01T22:44:00.000000,9.799999999999999
2023-12-01T22:44:50.240000,3dvha,7,Omni Hydrophone,24.37,2023-12-01T22:44:00.000000,9.44
2023-12-01T22:44:59.800000,3dvha,7,Omni Hydrophone,25.0,2023-12-01T22:44:00.000000,9.559999999999999
2023-12-01T21:00:02.809856,vla1,3,Channel 4,21.02,2023-12-01T21:00:00.000000,
2023-12-01T21:00:12.604211,vla1,3,Channel 4,19.8,2023-12-01T21:00:00.000000,9.794355
2023-12-01T21:00:21.836595,vla1,3,Channel 4,20.0,2023-12-01T21:00:00.000000,9.232384
2023-12-01T21:00:31.671091,vla1,3,Channel 4,20.44,2023-12-01T21:00:00.000000,9.834496
2023-12-01T21:00:41.104179,vla1,3,Channel 4,20.19,2023-12-01T21:00:00.000000,9.433088
2023-12-01T21:00:50.456985,vla1,3,Channel 4,22.72,2023-12-01T21:00:00.000000,9.352806
2023-12-01T21:01:00.722534,vla1,3,Channel 4,20.44,2023-12-01T21:01:00.000000,10.265549
2023-12-01T21:01:10.115481,vla1,3,Channel 4,21.65,2023-12-01T21:01:00.000000,9.392947
2023-12-01T21:01:19.548569,vla1,3,Channel 4,21.46,2023-12-01T21:01:00.000000,9.433088
2023-12-01T21:01:29.342924,vla1,3,Channel 4,19.8,2023-12-01T21:01:00.000000,9.794355
2023-12-01T21:01:39.940096,vla1,3,Channel 4,20.19,2023-12-01T21:01:00.000000,10.597171999999999
2023-12-01T21:01:49.614028,vla1,3,Channel 4,20.0,2023-12-01T21:01:00.000000,9.673931999999999
2023-12-01T21:01:58.966835,vla1,3,Channel 4,21.02,2023-12-01T21:01:00.000000,9.352807
2023-12-01T21:02:08.710553,vla1,3,Channel 4,21.9,2023-12-01T21:02:00.000000,9.743718
2023-12-01T21:02:18.304204,vla1,3,Channel 4,22.72,2023-12-01T21:02:00.000000,9.593651
2023-12-01T21:02:27.817574,vla1,3,Channel 4,23.36,2023-12-01T21:02:00.000000,9.51337
2023-12-01T21:02:38.575308,vla1,3,Channel 4,19.8,2023-12-01T21:02:00.000000,10.757734
2023-12-01T21:02:48.409804,vla1,3,Channel 4,20.0,2023-12-01T21:02:00.000000,9.834496
2023-12-01T21:02:58.445004,vla1,3,Channel 4,19.56,2023-12-01T21:02:00.000000,10.0352
2023-12-01T21:03:07.466188,vla1,3,Channel 4,21.02,2023-12-01T21:03:00.000000,9.021184
2023-12-01T21:03:17.099980,vla1,3,Channel 4,22.28,2023-12-01T21:03:00.000000,9.633792
2023-12-01T21:03:26.372505,vla1,3,Channel 4,22.48,2023-12-01T21:03:00.000000,9.272525
2023-12-01T21:03:35.765452,vla1,3,Channel 4,21.46,2023-12-01T21:03:00.000000,9.392947
2023-12-01T21:03:45.439385,vla1,3,Channel 4,20.19,2023-12-01T21:03:00.000000,9.673933
2023-12-01T21:03:56.277401,vla1,3,Channel 4,20.0,2023-12-01T21:03:00.000000,10.838016
2023-12-01T21:04:05.780275,vla1,3,Channel 4,21.26,2023-12-01T21:04:00.000000,9.502874
2023-12-01T21:04:15.373926,vla1,3,Channel 4,21.46,2023-12-01T21:04:00.000000,9.593651
2023-12-01T21:04:24.927436,vla1,3,Channel 4,20.19,2023-12-01T21:04:00.000000,9.55351
2023-12-01T21:04:35.524608,vla1,3,Channel 4,18.98,2023-12-01T21:04:00.000000,10.597171999999999
2023-12-01T21:05:27.576729,vla1,3,Channel 4,19.56,2023-12-01T21:05:00.000000,
2023-12-01T21:05:37.210521,vla1,3,Channel 4,19.8,2023-12-01T21:05:00.000000,9.633792
2023-12-01T21:05:46.683750,vla1,3,Channel 4,20.19,2023-12-01T21:05:00.000000,9.473229
2023-12-01T21:05:56.799232,vla1,3,Channel 4,19.56,2023-12-01T21:05:00.000000,10.115482
2023-12-01T21:06:07.175168,vla1,3,Channel 3,21.26,2023-12-01T21:06:00.000000,10.375936
2023-12-01T21:06:16.829030,vla1,3,Channel 3,22.48,2023-12-01T21:06:00.000000,9.653862
2023-12-01T21:06:26.482892,vla1,3,Channel 3,23.36,2023-12-01T21:06:00.000000,9.653862
2023-12-01T21:06:37.049958,vla1,3,Channel 3,20.83,2023-12-01T21:06:00.000000,10.567065999999999
2023-12-01T21:06:46.247219,vla1,3,Channel 3,21.26,2023-12-01T21:06:00.000000,9.197261
2023-12-01T21:06:55.640166,vla1,3,Channel 3,20.63,2023-12-01T21:06:00.000000,9.392947
2023-12-01T21:07:31.048908,vla1,3,Channel 3,19.8,2023-12-01T21:07:00.000000,
2023-12-01T21:07:40.507084,vla1,3,Channel 3,19.8,2023-12-01T21:07:00.000000,9.458176
2023-12-01T21:07:49.704345,vla1,3,Channel 3,20.44,2023-12-01T21:07:00.000000,9.197261
2023-12-01T21:07:59.749580,vla1,3,Channel 3,19.8,2023-12-01T21:07:00.000000,10.045235
2023-12-01T21:08:08.871116,vla1,3,Channel 3,20.83,2023-12-01T21:08:00.000000,9.121535999999999
2023-12-01T21:08:18.133606,vla1,3,Channel 3,19.8,2023-12-01T21:08:00.000000,9.26249
2023-12-01T21:08:29.222502,vla1,3,Channel 3,18.98,2023-12-01T21:08:00.000000,11.088896
2023-12-01T21:08:39.528652,vla1,3,Channel 3,20.0,2023-12-01T21:08:00.000000,10.306149999999999
2023-12-01T21:08:48.986828,vla1,3,Channel 3,19.8,2023-12-01T21:08:00.000000,9.458176
2023-12-01T21:08:58.901606,vla1,3,Channel 3,19.56,2023-12-01T21:08:00.000000,9.914778
2023-12-01T21:09:08.088371,vla1,3,Channel 3,20.63,2023-12-01T21:09:00.000000,9.186765
2023-12-01T21:09:18.851123,vla1,3,Channel 3,20.19,2023-12-01T21:09:00.000000,10.762751999999999
2023-12-01T21:09:28.504985,vla1,3,Channel 3,20.19,2023-12-01T21:09:00.000000,9.653862
2023-12-01T21:09:37.637017,vla1,3,Channel 3,20.0,2023-12-01T21:09:00.000000,9.132031999999999
2023-12-01T21:09:47.225651,vla1,3,Channel 3,21.02,2023-12-01T21:09:00.000000,9.588633999999999
2023-12-01T21:09:57.727488,vla1,3,Channel 3,20.44,2023-12-01T21:09:00.000000,10.501837
2023-12-01T21:10:07.044710,vla1,3,Channel 3,19.56,2023-12-01T21:10:00.000000,9.317222
2023-12-01T21:10:16.894259,vla1,3,Channel 3,20.19,2023-12-01T21:10:00.000000,9.849549
2023-12-01T21:10:27.004723,vla1,3,Channel 3,19.56,2023-12-01T21:10:00.000000,10.110464
2023-12-01T21:11:52.313497,vla1,3,Channel 3,19.37,2023-12-01T21:11:00.000000,
2023-12-01T21:12:01.630720,vla1,3,Channel 3,20.19,2023-12-01T21:12:00.000000,9.317223
2023-12-01T21:12:11.088896,vla1,3,Channel 3,20.19,2023-12-01T21:12:00.000000,9.458176
2023-12-01T21:12:21.916876,vla1,3,Channel 3,20.83,2023-12-01T21:12:00.000000,10.82798
2023-12-01T21:12:31.114137,vla1,3,Channel 3,21.65,2023-12-01T21:12:00.000000,9.197261
2023-12-01T21:12:40.637542,vla1,3,Channel 3,21.65,2023-12-01T21:12:00.000000,9.523405
2023-12-01T21:12:50.487091,vla1,3,Channel 3,20.0,2023-12-01T21:12:00.000000,9.849549
2023-12-01T21:13:00.065228,vla1,3,Channel 3,20.83,2023-12-01T21:13:00.000000,9.578137
2023-12-01T21:13:09.458176,vla1,3,Channel 3,22.92,2023-12-01T21:13:00.000000,9.392947999999999
2023-12-01T21:13:19.633868,vla1,3,Channel 3,20.19,2023-12-01T21:13:00.000000,10.175692
2023-12-01T21:13:29.287731,vla1,3,Channel 3,20.63,2023-12-01T21:13:00.000000,9.653863
2023-12-01T21:13:38.158848,vla1,3,Channel 3,23.55,2023-12-01T21:13:00.000000,8.871117
2023-12-01T21:13:47.617024,vla1,3,Channel 3,23.11,2023-12-01T21:13:00.000000,9.458176
2023-12-01T21:13:56.749056,vla1,3,Channel 3,23.55,2023-12-01T21:13:00.000000,9.132031999999999
2023-12-01T21:14:06.914252,vla1,3,Channel 3,20.0,2023-12-01T21:14:00.000000,10.165196
2023-12-01T21:14:17.481318,vla1,3,Channel 3,21.26,2023-12-01T21:14:00.000000,10.567065999999999
2023-12-01T21:14:26.874265,vla1,3,Channel 3,22.48,2023-12-01T21:14:00.000000,9.392947
2023-12-01T21:14:36.854272,vla1,3,Channel 3,21.26,2023-12-01T21:14:00.000000,9.980006999999999
2023-12-01T21:14:45.725388,vla1,3,Channel 3,23.36,2023-12-01T21:14:00.000000,8.871115999999999
2023-12-01T21:14:55.509708,vla1,3,Channel 3,20.83,2023-12-01T21:14:00.000000,9.78432
2023-12-01T21:15:04.957388,vla1,3,Channel 3,19.8,2023-12-01T21:15:00.000000,9.44768
2023-12-01T21:15:14.219878,vla1,3,Channel 3,23.36,2023-12-01T21:15:00.000000,9.26249
2023-12-01T21:15:24.330342,vla1,3,Channel 3,20.63,2023-12-01T21:15:00.000000,10.110464
2023-12-01T21:15:33.984204,vla1,3,Channel 3,19.8,2023-12-01T21:15:00.000000,9.653862
2023-12-01T21:15:42.985779,vla1,3,Channel 3,20.19,2023-12-01T21:15:00.000000,9.001574999999999
2023-12-01T21:15:52.117811,vla1,3,Channel 3,23.11,2023-12-01T21:15:00.000000,9.132031999999999
2023-12-01T21:16:01.630720,vla1,3,Channel 3,22.09,2023-12-01T21:16:00.000000,9.512908999999999
2023-12-01T21:16:11.088896,vla1,3,Channel 3,20.44,2023-12-01T21:16:00.000000,9.458176
2023-12-01T21:16:20.612300,vla1,3,Channel 3,21.02,2023-12-01T21:16:00.000000,9.523404
2023-12-01T21:16:30.983680,vla1,3,Channel 3,21.26,2023-12-01T21:16:00.000000,10.37138
2023-12-01T21:16:39.985254,vla1,3,Channel 3,23.11,2023-12-01T21:16:00.000000,9.001574
2023-12-01T21:16:49.639116,vla1,3,Channel 3,22.28,2023-12-01T21:16:00.000000,9.653862
2023-12-01T21:16:59.097292,vla1,3,Channel 3,20.19,2023-12-01T21:16:00.000000,9.458176
2023-12-01T21:17:08.088371,vla1,3,Channel 3,20.19,2023-12-01T21:17:00.000000,8.991079
2023-12-01T21:17:17.285632,vla1,3,Channel 3,20.63,2023-12-01T21:17:00.000000,9.197261
2023-12-01T21:17:26.809036,vla1,3,Channel 3,20.44,2023-12-01T21:17:00.000000,9.523404
2023-12-01T21:17:37.376102,vla1,3,Channel 3,19.8,2023-12-01T21:17:00.000000,10.567065999999999
2023-12-01T21:17:48.138854,vla1,3,Channel 3,20.0,2023-12-01T21:17:00.000000,10.762751999999999
2023-12-01T21:17:57.923174,vla1,3,Channel 3,22.09,2023-12-01T21:17:00.000000,9.78432
2023-12-01T21:18:07.566540,vla1,3,Channel 3,22.48,2023-12-01T21:18:00.000000,9.643366
2023-12-01T21:18:17.089945,vla1,3,Channel 3,20.0,2023-12-01T21:18:00.000000,9.523405
2023-12-01T21:18:26.482892,vla1,3,Channel 3,19.17,2023-12-01T21:18:00.000000,9.392947
2023-12-01T21:18:37.115187,vla1,3,Channel 3,19.37,2023-12-01T21:18:00.000000,10.632295
2023-12-01T21:20:06.718566,vla1,3,Channel 3,20.0,2023-12-01T21:20:00.000000,
2023-12-01T21:20:17.416089,vla1,3,Channel 3,19.37,2023-12-01T21:20:00.000000,10.697523
2023-12-01T21:20:27.200409,vla1,3,Channel 3,20.19,2023-12-01T21:20:00.000000,9.78432
2023-12-01T21:20:36.332441,vla1,3,Channel 3,21.02,2023-12-01T21:20:00.000000,9.132031999999999
2023-12-01T21:20:45.529702,vla1,3,Channel 3,20.44,2023-12-01T21:20:00.000000,9.197261
2023-12-01T21:20:55.118336,vla1,3,Channel 3,20.83,2023-12-01T21:20:00.000000,9.588633999999999
2023-12-01T21:21:04.435558,vla1,3,Channel 3,22.09,2023-12-01T21:21:00.000000,9.317222
2023-12-01T21:21:14.024192,vla1,3,Channel 3,22.72,2023-12-01T21:21:00.000000,9.588633999999999
2023-12-01T21:21:24.199884,vla1,3,Channel 3,20.63,2023-12-01T21:21:00.000000,10.175692
2023-12-01T21:21:33.005772,vla1,3,Channel 3,19.8,2023-12-01T21:21:00.000000,8.805888
2023-12-01T21:21:42.594406,vla1,3,Channel 3,20.44,2023-12-01T21:21:00.000000,9.588633999999999
2023-12-01T21:21:51.856896,vla1,3,Channel 3,23.74,2023-12-01T21:21:00.000000,9.26249
2023-12-01T21:22:01.826406,vla1,3,Channel 3,20.63,2023-12-01T21:22:00.000000,9.96951
2023-12-01T21:22:11.610726,vla1,3,Channel 3,20.44,2023-12-01T21:22:00.000000,9.78432
2023-12-01T21:22:20.938444,vla1,3,Channel 3,19.8,2023-12-01T21:22:00.000000,9.327717999999999
2023-12-01T21:22:30.396620,vla1,3,Channel 3,20.63,2023-12-01T21:22:00.000000,9.458176
2023-12-01T21:22:39.528652,vla1,3,Channel 3,23.36,2023-12-01T21:22:00.000000,9.132031999999999
2023-12-01T21:22:49.312972,vla1,3,Channel 3,20.63,2023-12-01T21:22:00.000000,9.78432
2023-12-01T21:22:58.836377,vla1,3,Channel 3,20.0,2023-12-01T21:22:00.000000,9.523405
2023-12-01T21:23:07.957913,vla1,3,Channel 3,19.8,2023-12-01T21:23:00.000000,9.121535999999999
2023-12-01T21:23:17.481318,vla1,3,Channel 3,20.44,2023-12-01T21:23:00.000000,9.523405
2023-12-01T21:23:26.613350,vla1,3,Channel 3,21.46,2023-12-01T21:23:00.000000,9.132031999999999
2023-12-01T21:23:35.745382,vla1,3,Channel 3,23.36,2023-12-01T21:23:00.000000,9.132031999999999
2023-12-01T21:23:46.116761,vla1,3,Channel 3,20.83,2023-12-01T21:23:00.000000,10.371379
2023-12-01T21:23:56.553369,vla1,3,Channel 3,21.46,2023-12-01T21:23:00.000000,10.436608
2023-12-01T21:24:06.131507,vla1,3,Channel 3,21.26,2023-12-01T21:24:00.000000,9.578138
2023-12-01T21:25:12.589158,vla1,3,Channel 3,19.56,2023-12-01T21:25:00.000000,
2023-12-01T21:25:21.916876,vla1,3,Channel 3,20.44,2023-12-01T21:25:00.000000,9.327717999999999
2023-12-01T21:25:32.810086,vla1,3,Channel 3,19.8,2023-12-01T21:25:00.000000,10.89321
2023-12-01T21:25:41.681203,vla1,3,Channel 3,21.02,2023-12-01T21:25:00.000000,8.871117
2023-12-01T21:25:51.204608,vla1,3,Channel 3,22.09,2023-12-01T21:25:00.000000,9.523405
2023-12-01T21:26:00.847974,vla1,3,Channel 3,20.63,2023-12-01T21:26:00.000000,9.643366
2023-12-01T21:26:11.545497,vla1,3,Channel 3,19.8,2023-12-01T21:26:00.000000,10.697523
2023-12-01T21:26:21.199360,vla1,3,Channel 3,19.56,2023-12-01T21:26:00.000000,9.653863
2023-12-01T21:26:30.722764,vla1,3,Channel 3,20.0,2023-12-01T21:26:00.000000,9.523404
2023-12-01T21:26:39.920025,vla1,3,Channel 3,20.19,2023-12-01T21:26:00.000000,9.197261
2023-12-01T21:28:25.113088,vla1,3,Channel 3,19.37,2023-12-01T21:28:00.000000,
2023-12-01T21:28:35.484467,vla1,3,Channel 3,19.17,2023-12-01T21:28:00.000000,10.371379
2023-12-01T21:28:44.746956,vla1,3,Channel 3,20.19,2023-12-01T21:28:00.000000,9.262489
2023-12-01T21:28:53.552844,vla1,3,Channel 3,20.0,2023-12-01T21:28:00.000000,8.805888
2023-12-01T21:29:03.000524,vla1,3,Channel 3,20.63,2023-12-01T21:29:00.000000,9.44768
2023-12-01T21:29:12.132556,vla1,3,Channel 3,21.02,2023-12-01T21:29:00.000000,9.132031999999999
2023-12-01T21:29:21.329817,vla1,3,Channel 3,20.83,2023-12-01T21:29:00.000000,9.197261
2023-12-01T21:29:31.048908,vla1,3,Channel 3,20.63,2023-12-01T21:29:00.000000,9.719090999999999
2023-12-01T21:29:40.833228,vla1,3,Channel 3,20.44,2023-12-01T21:29:00.000000,9.78432
2023-12-01T21:29:51.074150,vla1,3,Channel 3,20.44,2023-12-01T21:29:00.000000,10.240922
2023-12-01T21:30:00.326144,vla1,3,Channel 3,19.56,2023-12-01T21:30:00.000000,9.251994
2023-12-01T21:30:09.653862,vla1,3,Channel 3,19.17,2023-12-01T21:30:00.000000,9.327717999999999
2023-12-01T21:30:20.025241,vla1,3,Channel 3,20.19,2023-12-01T21:30:00.000000,10.371379
2023-12-01T21:30:29.092044,vla1,3,Channel 3,21.46,2023-12-01T21:30:00.000000,9.066803
2023-12-01T21:30:38.550220,vla1,3,Channel 3,21.65,2023-12-01T21:30:00.000000,9.458176
2023-12-01T21:30:48.138854,vla1,3,Channel 3,19.56,2023-12-01T21:30:00.000000,9.588633999999999
2023-12-01T21:30:57.270886,vla1,3,Channel 3,20.83,2023-12-01T21:30:00.000000,9.132031999999999
2023-12-01T21:31:07.044710,vla1,3,Channel 3,19.56,2023-12-01T21:31:00.000000,9.773824
2023-12-01T21:31:16.176742,vla1,3,Channel 3,20.63,2023-12-01T21:31:00.000000,9.132031999999999
2023-12-01T21:31:25.961062,vla1,3,Channel 3,20.19,2023-12-01T21:31:00.000000,9.78432
2023-12-01T21:31:35.419238,vla1,3,Channel 3,19.56,2023-12-01T21:31:00.000000,9.458176
2023-12-01T21:31:44.942643,vla1,3,Channel 3,19.8,2023-12-01T21:31:00.000000,9.523405
2023-12-01T21:31:55.118336,vla1,3,Channel 3,20.19,2023-12-01T21:31:00.000000,10.175692999999999
2023-12-01T21:32:05.479219,vla1,3,Channel 3,19.8,2023-12-01T21:32:00.000000,10.360883
2023-12-01T21:32:14.285107,vla1,3,Channel 3,21.26,2023-12-01T21:32:00.000000,8.805888
2023-12-01T21:32:23.156224,vla1,3,Channel 3,20.83,2023-12-01T21:32:00.000000,8.871117
2023-12-01T21:32:33.005772,vla1,3,Channel 3,21.46,2023-12-01T21:32:00.000000,9.849548
2023-12-01T21:32:42.203033,vla1,3,Channel 3,21.26,2023-12-01T21:32:00.000000,9.197261
2023-12-01T21:32:51.922124,vla1,3,Channel 3,19.17,2023-12-01T21:32:00.000000,9.719090999999999
2023-12-01T21:33:01.435033,vla1,3,Channel 3,19.17,2023-12-01T21:33:00.000000,9.512908999999999
2023-12-01T21:33:11.284582,vla1,3,Channel 3,20.19,2023-12-01T21:33:00.000000,9.849549
2023-12-01T21:33:20.873216,vla1,3,Channel 3,19.56,2023-12-01T21:33:00.000000,9.588633999999999
2023-12-01T21:34:45.007872,vla1,3,Channel 3,19.56,2023-12-01T21:34:00.000000,
2023-12-01T21:34:54.792192,vla1,3,Channel 3,19.56,2023-12-01T21:34:00.000000,9.78432
2023-12-01T21:35:03.652812,vla1,3,Channel 3,19.37,2023-12-01T21:35:00.000000,8.860619999999999
2023-12-01T21:35:13.502361,vla1,3,Channel 3,21.02,2023-12-01T21:35:00.000000,9.849549
2023-12-01T21:35:22.699622,vla1,3,Channel 3,21.02,2023-12-01T21:35:00.000000,9.197261
2023-12-01T21:35:31.505510,vla1,3,Channel 3,21.02,2023-12-01T21:35:00.000000,8.805888
2023-12-01T21:35:41.028915,vla1,3,Channel 3,21.46,2023-12-01T21:35:00.000000,9.523405
2023-12-01T21:35:50.813235,vla1,3,Channel 3,21.02,2023-12-01T21:35:00.000000,9.78432
2023-12-01T21:36:01.565491,vla1,3,Channel 3,20.44,2023-12-01T21:36:00.000000,10.752256
2023-12-01T21:36:11.154124,vla1,3,Channel 3,20.44,2023-12-01T21:36:00.000000,9.588633
2023-12-01T21:36:20.416614,vla1,3,Channel 3,20.83,2023-12-01T21:36:00.000000,9.26249
2023-12-01T21:36:31.244595,vla1,3,Channel 3,20.63,2023-12-01T21:36:00.000000,10.827981
2023-12-01T21:36:40.637542,vla1,3,Channel 3,21.9,2023-12-01T21:36:00.000000,9.392947
2023-12-01T21:36:50.160947,vla1,3,Channel 3,21.46,2023-12-01T21:36:00.000000,9.523405
2023-12-01T21:36:59.423436,vla1,3,Channel 3,21.46,2023-12-01T21:36:00.000000,9.262489
2023-12-01T21:37:09.001574,vla1,3,Channel 3,21.02,2023-12-01T21:37:00.000000,9.578138
2023-12-01T21:37:18.655436,vla1,3,Channel 3,20.83,2023-12-01T21:37:00.000000,9.653862
2023-12-01T21:37:28.439756,vla1,3,Channel 3,19.8,2023-12-01T21:37:00.000000,9.78432
2023-12-01T21:37:37.702246,vla1,3,Channel 3,20.44,2023-12-01T21:37:00.000000,9.26249
2023-12-01T21:37:48.269312,vla1,3,Channel 3,20.0,2023-12-01T21:37:00.000000,10.567065999999999
2023-12-01T21:37:57.988403,vla1,3,Channel 3,20.0,2023-12-01T21:37:00.000000,9.719090999999999
2023-12-01T21:38:07.501312,vla1,3,Channel 3,20.19,2023-12-01T21:38:00.000000,9.512908999999999
2023-12-01T21:38:16.894259,vla1,3,Channel 3,20.19,2023-12-01T21:38:00.000000,9.392947
2023-12-01T21:38:25.830604,vla1,3,Channel 3,21.02,2023-12-01T21:38:00.000000,8.936345
2023-12-01T21:38:35.288780,vla1,3,Channel 3,20.0,2023-12-01T21:38:00.000000,9.458176
2023-12-01T21:38:44.551270,vla1,3,Channel 3,20.63,2023-12-01T21:38:00.000000,9.26249
2023-12-01T21:38:53.944217,vla1,3,Channel 3,18.34,2023-12-01T21:38:00.000000,9.392947
2023-12-01T21:39:04.892160,vla1,3,Channel 3,20.19,2023-12-01T21:39:00.000000,10.947942999999999
2023-12-01T21:39:15.067852,vla1,3,Channel 3,18.98,2023-12-01T21:39:00.000000,10.175692
2023-12-01T21:39:24.460800,vla1,3,Channel 3,19.17,2023-12-01T21:39:00.000000,9.392947999999999
2023-12-01T21:39:34.049433,vla1,3,Channel 3,20.19,2023-12-01T21:39:00.000000,9.588633
2023-12-01T21:39:44.486041,vla1,3,Channel 3,19.8,2023-12-01T21:39:00.000000,10.436608
2023-12-01T21:39:54.205132,vla1,3,Channel 3,19.56,2023-12-01T21:39:00.000000,9.719090999999999
2023-12-01T21:40:03.457126,vla1,3,Channel 3,20.44,2023-12-01T21:40:00.000000,9.251994
2023-12-01T21:40:14.350336,vla1,3,Channel 3,20.19,2023-12-01T21:40:00.000000,10.89321
2023-12-01T21:40:23.612825,vla1,3,Channel 3,21.02,2023-12-01T21:40:00.000000,9.262489
2023-12-01T21:40:33.071001,vla1,3,Channel 3,20.83,2023-12-01T21:40:00.000000,9.458176
2023-12-01T21:40:42.985779,vla1,3,Channel 3,20.63,2023-12-01T21:40:00.000000,9.914778
2023-12-01T21:40:52.770099,vla1,3,Channel 3,20.0,2023-12-01T21:40:00.000000,9.78432
2023-12-01T21:42:47.421337,vla1,3,Channel 3,18.98,2023-12-01T21:42:00.000000,
2023-12-01T21:42:56.879513,vla1,3,Channel 3,19.17,2023-12-01T21:42:00.000000,9.458176
2023-12-01T21:43:06.066278,vla1,3,Channel 3,20.0,2023-12-01T21:43:00.000000,9.186765
2023-12-01T21:43:16.307200,vla1,3,Channel 3,19.56,2023-12-01T21:43:00.000000,10.240922
2023-12-01T21:43:25.830604,vla1,3,Channel 3,19.56,2023-12-01T21:43:00.000000,9.523404
2023-12-01T21:43:35.419238,vla1,3,Channel 3,20.19,2023-12-01T21:43:00.000000,9.588633999999999
2023-12-01T21:43:46.181990,vla1,3,Channel 3,20.0,2023-12-01T21:43:00.000000,10.762751999999999
2023-12-01T21:43:55.901081,vla1,3,Channel 3,20.83,2023-12-01T21:43:00.000000,9.719090999999999
2023-12-01T21:44:05.283532,vla1,3,Channel 3,18.54,2023-12-01T21:44:00.000000,9.382451
2023-12-01T22:15:08.349286,vla1,3,Channel 3,19.56,2023-12-01T22:15:00.000000,
2023-12-01T22:15:17.742233,vla1,3,Channel 3,19.17,2023-12-01T22:15:00.000000,9.392947
2023-12-01T22:15:27.265638,vla1,3,Channel 3,18.34,2023-12-01T22:15:00.000000,9.523405
2023-12-01T22:15:36.397670,vla1,3,Channel 3,19.8,2023-12-01T22:15:00.000000,9.132031999999999
2023-12-01T22:15:46.051532,vla1,3,Channel 3,20.0,2023-12-01T22:15:00.000000,9.653862
2023-12-01T22:15:55.835852,vla1,3,Channel 3,19.56,2023-12-01T22:15:00.000000,9.78432
2023-12-01T22:16:05.805363,vla1,3,Channel 3,18.54,2023-12-01T22:16:00.000000,9.969510999999999
2023-12-01T22:16:15.589683,vla1,3,Channel 3,18.34,2023-12-01T22:16:00.000000,9.78432
2023-12-01T22:16:26.743808,vla1,3,Channel 3,18.98,2023-12-01T22:16:00.000000,11.154124999999999
2023-12-01T22:16:37.115187,vla1,3,Channel 3,19.8,2023-12-01T22:16:00.000000,10.371379
2023-12-01T22:16:46.508134,vla1,3,Channel 3,19.17,2023-12-01T22:16:00.000000,9.392947
2023-12-01T22:16:55.770624,vla1,3,Channel 3,18.98,2023-12-01T22:16:00.000000,9.26249
2023-12-01T22:17:04.500787,vla1,3,Channel 3,20.0,2023-12-01T22:17:00.000000,8.730163
2023-12-01T22:17:13.567590,vla1,3,Channel 3,20.0,2023-12-01T22:17:00.000000,9.066803
2023-12-01T22:17:23.547596,vla1,3,Channel 3,19.37,2023-12-01T22:17:00.000000,9.980006
2023-12-01T22:17:33.397145,vla1,3,Channel 3,19.8,2023-12-01T22:17:00.000000,9.849549
2023-12-01T22:17:42.855321,vla1,3,Channel 3,19.37,2023-12-01T22:17:00.000000,9.458176
2023-12-01T22:17:53.031014,vla1,3,Channel 3,19.37,2023-12-01T22:17:00.000000,10.175692999999999
2023-12-01T22:18:03.000524,vla1,3,Channel 3,20.0,2023-12-01T22:18:00.000000,9.96951
2023-12-01T22:18:13.306675,vla1,3,Channel 3,20.44,2023-12-01T22:18:00.000000,10.306151
2023-12-01T22:18:22.764851,vla1,3,Channel 3,18.98,2023-12-01T22:18:00.000000,9.458176
2023-12-01T22:18:32.157798,vla1,3,Channel 3,20.0,2023-12-01T22:18:00.000000,9.392947
2023-12-01T22:18:41.681203,vla1,3,Channel 3,19.37,2023-12-01T22:18:00.000000,9.523405
2023-12-01T22:18:51.204608,vla1,3,Channel 3,18.54,2023-12-01T22:18:00.000000,9.523405
2023-12-01T22:19:09.995059,vla1,3,Channel 3,20.73,2023-12-01T22:19:00.000000,
2023-12-01T22:19:19.187302,vla1,3,Channel 3,21.65,2023-12-01T22:19:00.000000,9.192243
2023-12-01T22:19:29.583769,vla1,3,Channel 3,20.73,2023-12-01T22:19:00.000000,10.396467
2023-12-01T22:19:39.177420,vla1,3,Channel 3,18.34,2023-12-01T22:19:00.000000,9.593651
2023-12-01T22:19:48.369664,vla1,3,Channel 3,19.56,2023-12-01T22:19:00.000000,9.192243999999999
2023-12-01T22:19:58.445004,vla1,3,Channel 3,18.0,2023-12-01T22:19:00.000000,10.075339999999999
2023-12-01T22:20:07.666892,vla1,3,Channel 3,19.56,2023-12-01T22:20:00.000000,9.221888
2023-12-01T22:20:17.059840,vla1,3,Channel 3,19.07,2023-12-01T22:20:00.000000,9.392947999999999
2023-12-01T22:20:26.492928,vla1,3,Channel 3,20.44,2023-12-01T22:20:00.000000,9.433088
2023-12-01T22:20:36.247142,vla1,3,Channel 3,20.1,2023-12-01T22:20:00.000000,9.754214
2023-12-01T22:20:45.720371,vla1,3,Channel 3,21.46,2023-12-01T22:20:00.000000,9.473229
2023-12-01T22:20:55.354163,vla1,3,Channel 3,20.83,2023-12-01T22:20:00.000000,9.633792
2023-12-01T22:21:04.495769,vla1,3,Channel 3,23.21,2023-12-01T22:21:00.000000,9.141606
2023-12-01T22:21:14.450688,vla1,3,Channel 3,20.44,2023-12-01T22:21:00.000000,9.954919
2023-12-01T22:21:23.482368,vla1,3,Channel 3,19.37,2023-12-01T22:21:00.000000,9.03168
2023-12-01T22:21:32.795033,vla1,3,Channel 3,20.63,2023-12-01T22:21:00.000000,9.312664999999999
2023-12-01T22:23:57.160499,vla1,3,Channel 3,21.17,2023-12-01T22:23:00.000000,
2023-12-01T22:24:07.747174,vla1,3,Channel 3,22.09,2023-12-01T22:24:00.000000,10.586675
2023-12-01T22:24:17.099980,vla1,3,Channel 3,21.65,2023-12-01T22:24:00.000000,9.352806
2023-12-01T22:24:26.934476,vla1,3,Channel 3,20.29,2023-12-01T22:24:00.000000,9.834496
2023-12-01T22:24:37.732352,vla1,3,Channel 3,21.9,2023-12-01T22:24:00.000000,10.797875999999999
2023-12-01T22:24:47.807692,vla1,3,Channel 3,22.28,2023-12-01T22:24:00.000000,10.075339999999999
2023-12-01T22:24:57.240780,vla1,3,Channel 3,21.36,2023-12-01T22:24:00.000000,9.433088
2023-12-01T22:25:06.422528,vla1,3,Channel 3,22.92,2023-12-01T22:25:00.000000,9.181747999999999
2023-12-01T22:25:16.216883,vla1,3,Channel 3,24.09,2023-12-01T22:25:00.000000,9.794355
2023-12-01T22:25:26.733772,vla1,3,Channel 3,23.11,2023-12-01T22:25:00.000000,10.516888999999999
2023-12-01T22:25:36.327424,vla1,3,Channel 3,20.83,2023-12-01T22:25:00.000000,9.593651999999999
2023-12-01T22:25:46.442905,vla1,3,Channel 3,21.17,2023-12-01T22:25:00.000000,10.115480999999999
2023-12-01T22:25:55.996416,vla1,3,Channel 3,20.63,2023-12-01T22:25:00.000000,9.553511
2023-12-01T22:26:05.057740,vla1,3,Channel 3,20.63,2023-12-01T22:26:00.000000,9.061323999999999
2023-12-01T22:26:14.330265,vla1,3,Channel 3,20.44,2023-12-01T22:26:00.000000,9.272525
2023-12-01T22:26:23.883776,vla1,3,Channel 3,20.63,2023-12-01T22:26:00.000000,9.553511
2023-12-01T22:26:33.637990,vla1,3,Channel 3,21.65,2023-12-01T22:26:00.000000,9.754214
2023-12-01T22:26:43.552768,vla1,3,Channel 3,21.9,2023-12-01T22:26:00.000000,9.914778
2023-12-01T22:26:53.467545,vla1,3,Channel 3,22.48,2023-12-01T22:26:00.000000,9.914776999999999
2023-12-01T22:27:03.130982,vla1,3,Channel 3,20.0,2023-12-01T22:27:00.000000,9.663437
2023-12-01T22:27:13.206323,vla1,3,Channel 3,20.44,2023-12-01T22:27:00.000000,10.075341
2023-12-01T22:27:22.759833,vla1,3,Channel 3,19.8,2023-12-01T22:27:00.000000,9.55351
2023-12-01T22:27:32.112640,vla1,3,Channel 3,21.9,2023-12-01T22:27:00.000000,9.352807
2023-12-01T22:27:41.585868,vla1,3,Channel 3,24.18,2023-12-01T22:27:00.000000,9.473227999999999
2023-12-01T22:27:50.858393,vla1,3,Channel 3,21.9,2023-12-01T22:27:00.000000,9.272525
2023-12-01T22:28:00.642252,vla1,3,Channel 3,22.72,2023-12-01T22:28:00.000000,9.783859
2023-12-01T22:28:09.995059,vla1,3,Channel 3,21.9,2023-12-01T22:28:00.000000,9.352807
2023-12-01T22:28:19.548569,vla1,3,Channel 3,22.48,2023-12-01T22:28:00.000000,9.55351
2023-12-01T22:28:29.463347,vla1,3,Channel 3,20.19,2023-12-01T22:28:00.000000,9.914778
2023-12-01T22:28:39.137280,vla1,3,Channel 3,20.63,2023-12-01T22:28:00.000000,9.673933
2023-12-01T22:28:48.610508,vla1,3,Channel 3,22.48,2023-12-01T22:28:00.000000,9.473227999999999
2023-12-01T22:28:58.284441,vla1,3,Channel 3,21.9,2023-12-01T22:28:00.000000,9.673933
2023-12-01T22:29:07.867596,vla1,3,Channel 3,23.11,2023-12-01T22:29:00.000000,9.583155
2023-12-01T22:29:17.340825,vla1,3,Channel 3,23.94,2023-12-01T22:29:00.000000,9.473229
2023-12-01T22:29:27.496448,vla1,3,Channel 3,24.18,2023-12-01T22:29:00.000000,10.155623
2023-12-01T22:29:37.210521,vla1,3,Channel 3,22.92,2023-12-01T22:29:00.000000,9.714072999999999
2023-12-01T22:29:47.406284,vla1,3,Channel 3,21.26,2023-12-01T22:29:00.000000,10.195763
2023-12-01T22:29:57.561907,vla1,3,Channel 3,20.63,2023-12-01T22:29:00.000000,10.155623
2023-12-01T22:30:06.583091,vla1,3,Channel 3,20.63,2023-12-01T22:30:00.000000,9.021184
2023-12-01T22:30:16.457728,vla1,3,Channel 3,19.8,2023-12-01T22:30:00.000000,9.874637
2023-12-01T22:30:26.894336,vla1,3,Channel 3,19.17,2023-12-01T22:30:00.000000,10.436608
2023-12-01T22:32:11.801395,vla1,3,Channel 3,19.17,2023-12-01T22:32:00.000000,
2023-12-01T22:32:20.873216,vla1,3,Channel 3,19.8,2023-12-01T22:32:00.000000,9.071821
2023-12-01T22:32:30.386585,vla1,3,Channel 3,20.19,2023-12-01T22:32:00.000000,9.513368999999999
2023-12-01T22:32:40.542208,vla1,3,Channel 3,20.0,2023-12-01T22:32:00.000000,10.155623
2023-12-01T22:32:49.895014,vla1,3,Channel 3,22.92,2023-12-01T22:32:00.000000,9.352806
2023-12-01T22:32:59.528806,vla1,3,Channel 3,22.28,2023-12-01T22:32:00.000000,9.633792
2023-12-01T22:33:08.790835,vla1,3,Channel 3,23.55,2023-12-01T22:33:00.000000,9.262029
2023-12-01T22:33:18.384486,vla1,3,Channel 3,23.55,2023-12-01T22:33:00.000000,9.593651
2023-12-01T22:33:27.697152,vla1,3,Channel 3,22.48,2023-12-01T22:33:00.000000,9.312666
2023-12-01T22:33:36.849254,vla1,3,Channel 3,23.36,2023-12-01T22:33:00.000000,9.152102
2023-12-01T22:33:46.563328,vla1,3,Channel 3,22.72,2023-12-01T22:33:00.000000,9.714074
2023-12-01T22:33:55.916134,vla1,3,Channel 3,22.28,2023-12-01T22:33:00.000000,9.352806
2023-12-01T22:34:05.579571,vla1,3,Channel 3,20.44,2023-12-01T22:34:00.000000,9.663437
2023-12-01T22:34:15.173222,vla1,3,Channel 3,20.44,2023-12-01T22:34:00.000000,9.593651
2023-12-01T22:34:25.328844,vla1,3,Channel 3,20.44,2023-12-01T22:34:00.000000,10.155622
2023-12-01T22:34:34.802073,vla1,3,Channel 3,23.11,2023-12-01T22:34:00.000000,9.473229
2023-12-01T22:34:44.395724,vla1,3,Channel 3,23.11,2023-12-01T22:34:00.000000,9.593651
2023-12-01T22:34:54.109798,vla1,3,Channel 3,23.11,2023-12-01T22:34:00.000000,9.714074
2023-12-01T22:35:03.452108,vla1,3,Channel 3,23.94,2023-12-01T22:35:00.000000,9.34231
2023-12-01T22:35:13.126041,vla1,3,Channel 3,23.55,2023-12-01T22:35:00.000000,9.673933
2023-12-01T22:35:22.679552,vla1,3,Channel 3,22.48,2023-12-01T22:35:00.000000,9.553511
2023-12-01T22:35:31.992217,vla1,3,Channel 3,23.94,2023-12-01T22:35:00.000000,9.312664999999999
2023-12-01T22:35:41.385164,vla1,3,Channel 3,23.55,2023-12-01T22:35:00.000000,9.392947
2023-12-01T22:35:50.697830,vla1,3,Channel 3,21.02,2023-12-01T22:35:00.000000,9.312666
2023-12-01T22:36:00.010496,vla1,3,Channel 3,21.02,2023-12-01T22:35:00.000000,9.312666
2023-12-01T22:36:09.673932,vla1,3,Channel 3,20.63,2023-12-01T22:36:00.000000,9.663435999999999
2023-12-01T22:36:18.946457,vla1,3,Channel 3,22.92,2023-12-01T22:36:00.000000,9.272525
2023-12-01T22:36:28.419686,vla1,3,Channel 3,22.09,2023-12-01T22:36:00.000000,9.473229
2023-12-01T22:36:37.892915,vla1,3,Channel 3,23.11,2023-12-01T22:36:00.000000,9.473229
2023-12-01T22:36:47.366144,vla1,3,Channel 3,22.72,2023-12-01T22:36:00.000000,9.473229
2023-12-01T22:36:56.759091,vla1,3,Channel 3,22.28,2023-12-01T22:36:00.000000,9.392947
2023-12-01T22:37:07.024640,vla1,3,Channel 4,19.8,2023-12-01T22:37:00.000000,10.265549
2023-12-01T22:37:16.337305,vla1,3,Channel 4,20.83,2023-12-01T22:37:00.000000,9.312664999999999
2023-12-01T22:37:26.211942,vla1,3,Channel 4,24.18,2023-12-01T22:37:00.000000,9.874637
2023-12-01T22:37:36.166860,vla1,3,Channel 4,23.94,2023-12-01T22:37:00.000000,9.954918
2023-12-01T22:37:46.282342,vla1,3,Channel 4,21.46,2023-12-01T22:37:00.000000,10.115482
2023-12-01T22:37:56.959795,vla1,3,Channel 4,20.44,2023-12-01T22:37:00.000000,10.677453
2023-12-01T22:38:06.502809,vla1,3,Channel 4,23.74,2023-12-01T22:38:00.000000,9.543014
2023-12-01T22:38:15.855616,vla1,3,Channel 4,24.18,2023-12-01T22:38:00.000000,9.352807
2023-12-01T22:38:25.409126,vla1,3,Channel 4,24.81,2023-12-01T22:38:00.000000,9.55351
2023-12-01T22:38:34.842214,vla1,3,Channel 4,21.65,2023-12-01T22:38:00.000000,9.433088
2023-12-01T22:38:44.114739,vla1,3,Channel 4,21.02,2023-12-01T22:38:00.000000,9.272525
2023-12-01T22:38:54.350643,vla1,3,Channel 4,21.26,2023-12-01T22:38:00.000000,10.235904
2023-12-01T22:39:05.017600,vla1,3,Channel 4,20.63,2023-12-01T22:39:00.000000,10.666957
2023-12-01T22:39:14.450688,vla1,3,Channel 4,22.72,2023-12-01T22:39:00.000000,9.433088
2023-12-01T22:39:23.843635,vla1,3,Channel 4,24.38,2023-12-01T22:39:00.000000,9.392947
2023-12-01T22:39:33.035878,vla1,3,Channel 4,23.11,2023-12-01T22:39:00.000000,9.192243
2023-12-01T22:39:42.348544,vla1,3,Channel 4,23.94,2023-12-01T22:39:00.000000,9.312666
2023-12-01T22:39:51.661209,vla1,3,Channel 4,23.55,2023-12-01T22:39:00.000000,9.312664999999999
2023-12-01T22:40:01.003520,vla1,3,Channel 4,24.38,2023-12-01T22:40:00.000000,9.342310999999999
2023-12-01T22:40:11.119001,vla1,3,Channel 4,20.83,2023-12-01T22:40:00.000000,10.115480999999999
2023-12-01T22:40:20.511948,vla1,3,Channel 4,20.83,2023-12-01T22:40:00.000000,9.392947
2023-12-01T22:40:31.229542,vla1,3,Channel 4,20.0,2023-12-01T22:40:00.000000,10.717594
2023-12-01T22:42:46.523187,vla1,3,Channel 4,20.44,2023-12-01T22:42:00.000000,
2023-12-01T22:42:55.996416,vla1,3,Channel 4,19.8,2023-12-01T22:42:00.000000,9.473229
2023-12-01T22:43:05.178163,vla1,3,Channel 4,23.36,2023-12-01T22:43:00.000000,9.181747
2023-12-01T22:43:15.052800,vla1,3,Channel 4,23.94,2023-12-01T22:43:00.000000,9.874637
2023-12-01T22:43:24.526028,vla1,3,Channel 4,23.55,2023-12-01T22:43:00.000000,9.473227999999999
2023-12-01T22:43:34.360524,vla1,3,Channel 4,23.55,2023-12-01T22:43:00.000000,9.834496
2023-12-01T22:43:43.713331,vla1,3,Channel 4,23.94,2023-12-01T22:43:00.000000,9.352807
2023-12-01T22:43:52.825292,vla1,3,Channel 4,24.57,2023-12-01T22:43:00.000000,9.111960999999999
2023-12-01T22:44:02.328166,vla1,3,Channel 4,23.74,2023-12-01T22:44:00.000000,9.502874
2023-12-01T22:44:11.881676,vla1,3,Channel 4,23.11,2023-12-01T22:44:00.000000,9.55351
2023-12-01T22:44:21.676032,vla1,3,Channel 4,22.28,2023-12-01T22:44:00.000000,9.794355999999999
2023-12-01T22:44:31.109120,vla1,3,Channel 4,23.36,2023-12-01T22:44:00.000000,9.433088
2023-12-01T22:44:40.903475,vla1,3,Channel 4,23.74,2023-12-01T22:44:00.000000,9.794355
2023-12-01T22:44:50.256281,vla1,3,Channel 4,24.18,2023-12-01T22:44:00.000000,9.352806
2023-12-01T22:44:59.809792,vla1,3,Channel 4,24.38,2023-12-01T22:44:00.000000,9.553511
2023-12-01T21:00:03.050700,vla2,0,Channel 1,20.63,2023-12-01T21:00:00.000000,
2023-12-01T21:00:12.804915,vla2,0,Channel 1,19.61,2023-12-01T21:00:00.000000,9.754215
2023-12-01T21:00:22.077440,vla2,0,Channel 1,20.44,2023-12-01T21:00:00.000000,9.272525
2023-12-01T21:00:31.952076,vla2,0,Channel 1,20.83,2023-12-01T21:00:00.000000,9.874635999999999
2023-12-01T21:00:41.345024,vla2,0,Channel 1,21.26,2023-12-01T21:00:00.000000,9.392947999999999
2023-12-01T21:00:50.737971,vla2,0,Channel 1,22.92,2023-12-01T21:00:00.000000,9.392947
2023-12-01T21:01:00.883097,vla2,0,Channel 1,21.02,2023-12-01T21:01:00.000000,10.145126
2023-12-01T21:01:10.396467,vla2,0,Channel 1,21.65,2023-12-01T21:01:00.000000,9.51337
2023-12-01T21:01:19.869696,vla2,0,Channel 1,22.48,2023-12-01T21:01:00.000000,9.473229
2023-12-01T21:01:29.583769,vla2,0,Channel 1,20.63,2023-12-01T21:01:00.000000,9.714072999999999
2023-12-01T21:01:40.180940,vla2,0,Channel 1,20.44,2023-12-01T21:01:00.000000,10.597171
2023-12-01T21:01:49.895014,vla2,0,Channel 1,20.63,2023-12-01T21:01:00.000000,9.714074
2023-12-01T21:01:59.328102,vla2,0,Channel 1,21.9,2023-12-01T21:01:00.000000,9.433088
2023-12-01T21:02:09.031680,vla2,0,Channel 1,22.48,2023-12-01T21:02:00.000000,9.703578
2023-12-01T21:02:18.545049,vla2,0,Channel 1,22.28,2023-12-01T21:02:00.000000,9.513368999999999
2023-12-01T21:02:28.138700,vla2,0,Channel 1,23.55,2023-12-01T21:02:00.000000,9.593651
2023-12-01T21:02:38.976716,vla2,0,Channel 1,21.26,2023-12-01T21:02:00.000000,10.838016
2023-12-01T21:02:48.730931,vla2,0,Channel 1,21.02,2023-12-01T21:02:00.000000,9.754215
2023-12-01T21:02:58.685849,vla2,0,Channel 1,20.63,2023-12-01T21:02:00.000000,9.954918
2023-12-01T21:03:07.827456,vla2,0,Channel 1,23.55,2023-12-01T21:03:00.000000,9.141606999999999
2023-12-01T21:03:17.421107,vla2,0,Channel 1,23.11,2023-12-01T21:03:00.000000,9.593651
2023-12-01T21:03:26.814054,vla2,0,Channel 1,22.48,2023-12-01T21:03:00.000000,9.392947
2023-12-01T21:03:36.126720,vla2,0,Channel 1,22.48,2023-12-01T21:03:00.000000,9.312666
2023-12-01T21:03:45.760512,vla2,0,Channel 1,20.83,2023-12-01T21:03:00.000000,9.633792
2023-12-01T21:03:56.759091,vla2,0,Channel 1,20.44,2023-12-01T21:03:00.000000,10.998579
2023-12-01T21:04:06.181683,vla2,0,Channel 1,21.65,2023-12-01T21:04:00.000000,9.422592
2023-12-01T21:04:15.855616,vla2,0,Channel 1,23.11,2023-12-01T21:04:00.000000,9.673933
2023-12-01T21:04:25.449267,vla2,0,Channel 1,21.65,2023-12-01T21:04:00.000000,9.593651
2023-12-01T21:04:36.006297,vla2,0,Channel 1,20.63,2023-12-01T21:04:00.000000,10.55703
2023-12-01T21:05:28.018278,vla2,0,Channel 1,19.17,2023-12-01T21:05:00.000000,
2023-12-01T21:05:37.652070,vla2,0,Channel 1,20.63,2023-12-01T21:05:00.000000,9.633792
2023-12-01T21:05:47.045017,vla2,0,Channel 1,20.19,2023-12-01T21:05:00.000000,9.392947
2023-12-01T21:05:57.321062,vla2,0,Channel 1,21.65,2023-12-01T21:05:00.000000,10.276045
2023-12-01T21:06:07.827456,vla2,0,Channel 1,21.02,2023-12-01T21:06:00.000000,10.506394
2023-12-01T21:06:17.285632,vla2,0,Channel 1,22.72,2023-12-01T21:06:00.000000,9.458176
2023-12-01T21:06:27.069952,vla2,0,Channel 1,22.72,2023-12-01T21:06:00.000000,9.78432
2023-12-01T21:06:37.506560,vla2,0,Channel 1,21.26,2023-12-01T21:06:00.000000,10.436608
2023-12-01T21:06:46.769049,vla2,0,Channel 1,21.46,2023-12-01T21:06:00.000000,9.262489
2023-12-01T21:06:56.227225,vla2,0,Channel 1,21.26,2023-12-01T21:06:00.000000,9.458176
2023-12-01T21:07:31.570739,vla2,0,Channel 1,20.44,2023-12-01T21:07:00.000000,
2023-12-01T21:07:40.898457,vla2,0,Channel 1,19.8,2023-12-01T21:07:00.000000,9.327717999999999
2023-12-01T21:07:50.226176,vla2,0,Channel 1,20.63,2023-12-01T21:07:00.000000,9.327719
2023-12-01T21:08:00.140953,vla2,0,Channel 1,18.34,2023-12-01T21:07:00.000000,9.914776999999999
2023-12-01T21:08:09.392947,vla2,0,Channel 1,20.19,2023-12-01T21:08:00.000000,9.251994
2023-12-01T21:08:18.655436,vla2,0,Channel 1,20.44,2023-12-01T21:08:00.000000,9.262489
2023-12-01T21:08:29.483417,vla2,0,Channel 1,20.44,2023-12-01T21:08:00.000000,10.827981
2023-12-01T21:08:39.920025,vla2,0,Channel 1,22.48,2023-12-01T21:08:00.000000,10.436608
2023-12-01T21:08:49.378201,vla2,0,Channel 1,21.26,2023-12-01T21:08:00.000000,9.458176
2023-12-01T21:08:59.227750,vla2,0,Channel 1,20.0,2023-12-01T21:08:00.000000,9.849549
2023-12-01T21:09:08.414515,vla2,0,Channel 1,22.09,2023-12-01T21:09:00.000000,9.186765
2023-12-01T21:09:19.177267,vla2,0,Channel 1,20.19,2023-12-01T21:09:00.000000,10.762751999999999
2023-12-01T21:09:28.831129,vla2,0,Channel 1,20.0,2023-12-01T21:09:00.000000,9.653862
2023-12-01T21:09:38.158848,vla2,0,Channel 1,20.44,2023-12-01T21:09:00.000000,9.327719
2023-12-01T21:09:47.551795,vla2,0,Channel 1,20.63,2023-12-01T21:09:00.000000,9.392947
2023-12-01T21:09:58.053632,vla2,0,Channel 1,20.44,2023-12-01T21:09:00.000000,10.501837
2023-12-01T21:10:07.370854,vla2,0,Channel 1,20.83,2023-12-01T21:10:00.000000,9.317222
2023-12-01T21:10:17.220403,vla2,0,Channel 1,20.83,2023-12-01T21:10:00.000000,9.849549
2023-12-01T21:10:27.461324,vla2,0,Channel 1,19.61,2023-12-01T21:10:00.000000,10.240921
2023-12-01T21:11:52.639641,vla2,0,Channel 1,19.61,2023-12-01T21:11:00.000000,
2023-12-01T21:12:02.087321,vla2,0,Channel 1,20.19,2023-12-01T21:12:00.000000,9.44768
2023-12-01T21:12:11.219353,vla2,0,Channel 1,19.8,2023-12-01T21:12:00.000000,9.132031999999999
2023-12-01T21:12:22.243020,vla2,0,Channel 1,20.63,2023-12-01T21:12:00.000000,11.023667
2023-12-01T21:12:31.440281,vla2,0,Channel 1,21.02,2023-12-01T21:12:00.000000,9.197261
2023-12-01T21:12:41.028915,vla2,0,Channel 1,21.65,2023-12-01T21:12:00.000000,9.588633999999999
2023-12-01T21:12:50.813235,vla2,0,Channel 1,19.61,2023-12-01T21:12:00.000000,9.78432
2023-12-01T21:13:00.326144,vla2,0,Channel 1,23.36,2023-12-01T21:13:00.000000,9.512908999999999
2023-12-01T21:13:09.980006,vla2,0,Channel 1,21.02,2023-12-01T21:13:00.000000,9.653862
2023-12-01T21:13:20.090470,vla2,0,Channel 1,19.61,2023-12-01T21:13:00.000000,10.110464
2023-12-01T21:13:29.613875,vla2,0,Channel 1,20.19,2023-12-01T21:13:00.000000,9.523405
2023-12-01T21:13:38.680678,vla2,0,Channel 1,22.72,2023-12-01T21:13:00.000000,9.066803
2023-12-01T21:13:48.138854,vla2,0,Channel 1,22.48,2023-12-01T21:13:00.000000,9.458176
2023-12-01T21:13:57.270886,vla2,0,Channel 1,21.65,2023-12-01T21:13:00.000000,9.132031999999999
2023-12-01T21:14:07.370854,vla2,0,Channel 1,19.8,2023-12-01T21:14:00.000000,10.099967999999999
2023-12-01T21:14:17.937920,vla2,0,Channel 1,20.0,2023-12-01T21:14:00.000000,10.567065999999999
2023-12-01T21:14:27.330867,vla2,0,Channel 1,21.65,2023-12-01T21:14:00.000000,9.392947
2023-12-01T21:14:37.310873,vla2,0,Channel 1,20.83,2023-12-01T21:14:00.000000,9.980006
2023-12-01T21:14:46.312448,vla2,0,Channel 1,22.48,2023-12-01T21:14:00.000000,9.001574999999999
2023-12-01T21:14:55.966310,vla2,0,Channel 1,21.46,2023-12-01T21:14:00.000000,9.653862
2023-12-01T21:15:05.413990,vla2,0,Channel 1,20.44,2023-12-01T21:15:00.000000,9.44768
2023-12-01T21:15:14.611251,vla2,0,Channel 1,21.65,2023-12-01T21:15:00.000000,9.197261
2023-12-01T21:15:24.591257,vla2,0,Channel 1,20.44,2023-12-01T21:15:00.000000,9.980006
2023-12-01T21:15:34.310348,vla2,0,Channel 1,19.8,2023-12-01T21:15:00.000000,9.719090999999999
2023-12-01T21:15:43.311923,vla2,0,Channel 1,20.63,2023-12-01T21:15:00.000000,9.001574999999999
2023-12-01T21:15:52.704870,vla2,0,Channel 1,22.48,2023-12-01T21:15:00.000000,9.392947
2023-12-01T21:16:02.152550,vla2,0,Channel 1,22.48,2023-12-01T21:16:00.000000,9.44768
2023-12-01T21:16:11.480268,vla2,0,Channel 1,20.83,2023-12-01T21:16:00.000000,9.327717999999999
2023-12-01T21:16:21.134131,vla2,0,Channel 1,20.63,2023-12-01T21:16:00.000000,9.653863
2023-12-01T21:16:31.505510,vla2,0,Channel 1,20.63,2023-12-01T21:16:00.000000,10.371379
2023-12-01T21:16:40.441856,vla2,0,Channel 1,22.72,2023-12-01T21:16:00.000000,8.936346
2023-12-01T21:16:50.160947,vla2,0,Channel 1,22.72,2023-12-01T21:16:00.000000,9.719090999999999
2023-12-01T21:16:59.488665,vla2,0,Channel 1,20.19,2023-12-01T21:16:00.000000,9.327717999999999
2023-12-01T21:17:08.479744,vla2,0,Channel 1,20.0,2023-12-01T21:17:00.000000,8.991079
2023-12-01T21:17:17.677004,vla2,0,Channel 1,20.19,2023-12-01T21:17:00.000000,9.19726
2023-12-01T21:17:27.396096,vla2,0,Channel 1,20.83,2023-12-01T21:17:00.000000,9.719092
2023-12-01T21:17:37.832704,vla2,0,Channel 1,20.0,2023-12-01T21:17:00.000000,10.436608
2023-12-01T21:17:48.660684,vla2,0,Channel 1,20.0,2023-12-01T21:17:00.000000,10.82798
2023-12-01T21:17:58.445004,vla2,0,Channel 1,23.94,2023-12-01T21:17:00.000000,9.78432
2023-12-01T21:18:08.153600,vla2,0,Channel 1,20.0,2023-12-01T21:18:00.000000,9.708596
2023-12-01T21:18:17.546547,vla2,0,Channel 1,20.83,2023-12-01T21:18:00.000000,9.392947
2023-12-01T21:18:26.809036,vla2,0,Channel 1,19.8,2023-12-01T21:18:00.000000,9.262489
2023-12-01T21:18:37.571788,vla2,0,Channel 1,19.61,2023-12-01T21:18:00.000000,10.762751999999999
2023-12-01T21:20:07.240396,vla2,0,Channel 1,20.0,2023-12-01T21:20:00.000000,
2023-12-01T21:20:17.611776,vla2,0,Channel 1,20.63,2023-12-01T21:20:00.000000,10.37138
2023-12-01T21:20:27.461324,vla2,0,Channel 1,21.02,2023-12-01T21:20:00.000000,9.849548
2023-12-01T21:20:36.789043,vla2,0,Channel 1,22.48,2023-12-01T21:20:00.000000,9.327719
2023-12-01T21:20:45.921075,vla2,0,Channel 1,21.65,2023-12-01T21:20:00.000000,9.132031999999999
2023-12-01T21:20:55.509708,vla2,0,Channel 1,22.28,2023-12-01T21:20:00.000000,9.588633
2023-12-01T21:21:04.957388,vla2,0,Channel 1,22.72,2023-12-01T21:21:00.000000,9.44768
2023-12-01T21:21:14.415564,vla2,0,Channel 1,22.28,2023-12-01T21:21:00.000000,9.458176
2023-12-01T21:21:24.591257,vla2,0,Channel 1,20.63,2023-12-01T21:21:00.000000,10.175692999999999
2023-12-01T21:21:33.266688,vla2,0,Channel 1,20.19,2023-12-01T21:21:00.000000,8.675431
2023-12-01T21:21:42.920550,vla2,0,Channel 1,20.63,2023-12-01T21:21:00.000000,9.653862
2023-12-01T21:21:52.117811,vla2,0,Channel 1,21.02,2023-12-01T21:21:00.000000,9.197261
2023-12-01T21:22:02.152550,vla2,0,Channel 1,19.37,2023-12-01T21:22:00.000000,10.034739
2023-12-01T21:22:11.936870,vla2,0,Channel 1,19.37,2023-12-01T21:22:00.000000,9.78432
2023-12-01T21:22:21.329817,vla2,0,Channel 1,20.19,2023-12-01T21:22:00.000000,9.392947
2023-12-01T21:22:30.722764,vla2,0,Channel 1,20.0,2023-12-01T21:22:00.000000,9.392947
2023-12-01T21:22:40.115712,vla2,0,Channel 1,20.44,2023-12-01T21:22:00.000000,9.392947999999999
2023-12-01T21:22:49.639116,vla2,0,Channel 1,20.63,2023-12-01T21:22:00.000000,9.523404
2023-12-01T21:22:59.097292,vla2,0,Channel 1,20.44,2023-12-01T21:22:00.000000,9.458176
2023-12-01T21:23:08.284057,vla2,0,Channel 1,20.19,2023-12-01T21:23:00.000000,9.186765
2023-12-01T21:23:17.937920,vla2,0,Channel 1,19.37,2023-12-01T21:23:00.000000,9.653863
2023-12-01T21:23:26.939494,vla2,0,Channel 1,22.48,2023-12-01T21:23:00.000000,9.001574
2023-12-01T21:23:36.136755,vla2,0,Channel 1,22.48,2023-12-01T21:23:00.000000,9.197261
2023-12-01T21:23:46.442905,vla2,0,Channel 1,19.8,2023-12-01T21:23:00.000000,10.306149999999999
2023-12-01T21:23:56.879513,vla2,0,Channel 1,20.44,2023-12-01T21:23:00.000000,10.436608
2023-12-01T21:24:06.392422,vla2,0,Channel 1,20.19,2023-12-01T21:24:00.000000,9.512908999999999
2023-12-01T21:25:13.045760,vla2,0,Channel 1,20.0,2023-12-01T21:25:00.000000,
2023-12-01T21:25:22.243020,vla2,0,Channel 1,19.8,2023-12-01T21:25:00.000000,9.19726
2023-12-01T21:25:33.005772,vla2,0,Channel 1,20.0,2023-12-01T21:25:00.000000,10.762751999999999
2023-12-01T21:25:42.137804,vla2,0,Channel 1,21.9,2023-12-01T21:25:00.000000,9.132031999999999
2023-12-01T21:25:51.661209,vla2,0,Channel 1,22.48,2023-12-01T21:25:00.000000,9.523405
2023-12-01T21:26:01.108889,vla2,0,Channel 1,21.26,2023-12-01T21:26:00.000000,9.44768
2023-12-01T21:26:11.741184,vla2,0,Channel 1,19.61,2023-12-01T21:26:00.000000,10.632295
2023-12-01T21:26:21.590732,vla2,0,Channel 1,20.19,2023-12-01T21:26:00.000000,9.849548
2023-12-01T21:26:30.918451,vla2,0,Channel 1,19.8,2023-12-01T21:26:00.000000,9.327719
2023-12-01T21:26:40.376627,vla2,0,Channel 1,20.19,2023-12-01T21:26:00.000000,9.458176
2023-12-01T21:28:25.439232,vla2,0,Channel 1,20.0,2023-12-01T21:28:00.000000,
2023-12-01T21:28:35.745382,vla2,0,Channel 1,19.37,2023-12-01T21:28:00.000000,10.306149999999999
2023-12-01T21:28:44.877414,vla2,0,Channel 1,20.19,2023-12-01T21:28:00.000000,9.132031999999999
2023-12-01T21:28:53.813760,vla2,0,Channel 1,19.8,2023-12-01T21:28:00.000000,8.936346
2023-12-01T21:29:03.261440,vla2,0,Channel 1,21.46,2023-12-01T21:29:00.000000,9.44768
2023-12-01T21:29:12.393472,vla2,0,Channel 1,23.11,2023-12-01T21:29:00.000000,9.132031999999999
2023-12-01T21:29:21.590732,vla2,0,Channel 1,22.48,2023-12-01T21:29:00.000000,9.19726
2023-12-01T21:29:31.375052,vla2,0,Channel 1,21.65,2023-12-01T21:29:00.000000,9.78432
2023-12-01T21:29:40.833228,vla2,0,Channel 1,21.26,2023-12-01T21:29:00.000000,9.458176
2023-12-01T21:29:51.269836,vla2,0,Channel 1,20.63,2023-12-01T21:29:00.000000,10.436608
2023-12-01T21:30:00.521830,vla2,0,Channel 1,20.44,2023-12-01T21:30:00.000000,9.251994
2023-12-01T21:30:09.914777,vla2,0,Channel 1,18.98,2023-12-01T21:30:00.000000,9.392947
2023-12-01T21:30:20.351385,vla2,0,Channel 1,19.61,2023-12-01T21:30:00.000000,10.436608
2023-12-01T21:30:29.809561,vla2,0,Channel 1,19.8,2023-12-01T21:30:00.000000,9.458176
2023-12-01T21:30:38.811136,vla2,0,Channel 1,21.02,2023-12-01T21:30:00.000000,9.001574999999999
2023-12-01T21:30:48.464998,vla2,0,Channel 1,19.37,2023-12-01T21:30:00.000000,9.653862
2023-12-01T21:30:57.466572,vla2,0,Channel 1,22.48,2023-12-01T21:30:00.000000,9.001574
2023-12-01T21:31:07.305625,vla2,0,Channel 1,19.61,2023-12-01T21:31:00.000000,9.839053
2023-12-01T21:31:16.372428,vla2,0,Channel 1,21.46,2023-12-01T21:31:00.000000,9.066803
2023-12-01T21:31:26.091520,vla2,0,Channel 1,20.0,2023-12-01T21:31:00.000000,9.719092
2023-12-01T21:31:35.680153,vla2,0,Channel 1,20.19,2023-12-01T21:31:00.000000,9.588633
2023-12-01T21:31:45.268787,vla2,0,Channel 1,19.8,2023-12-01T21:31:00.000000,9.588633999999999
2023-12-01T21:31:55.379251,vla2,0,Channel 1,20.83,2023-12-01T21:31:00.000000,10.110464
2023-12-01T21:32:05.674905,vla2,0,Channel 1,19.37,2023-12-01T21:32:00.000000,10.295653999999999
2023-12-01T21:32:14.611251,vla2,0,Channel 1,21.02,2023-12-01T21:32:00.000000,8.936346
2023-12-01T21:32:23.678054,vla2,0,Channel 1,21.9,2023-12-01T21:32:00.000000,9.066803
2023-12-01T21:32:33.201459,vla2,0,Channel 1,20.44,2023-12-01T21:32:00.000000,9.523405
2023-12-01T21:32:42.529177,vla2,0,Channel 1,21.65,2023-12-01T21:32:00.000000,9.327717999999999
2023-12-01T21:32:52.183040,vla2,0,Channel 1,20.19,2023-12-01T21:32:00.000000,9.653863
2023-12-01T21:33:01.761177,vla2,0,Channel 1,19.61,2023-12-01T21:33:00.000000,9.578137
2023-12-01T21:33:11.545497,vla2,0,Channel 1,20.0,2023-12-01T21:33:00.000000,9.78432
2023-12-01T21:33:21.068902,vla2,0,Channel 1,19.37,2023-12-01T21:33:00.000000,9.523405
2023-12-01T21:34:45.268787,vla2,0,Channel 1,19.37,2023-12-01T21:34:00.000000,
2023-12-01T21:34:54.857420,vla2,0,Channel 1,20.83,2023-12-01T21:34:00.000000,9.588633
2023-12-01T21:35:03.783270,vla2,0,Channel 1,19.8,2023-12-01T21:35:00.000000,8.925849999999999
2023-12-01T21:35:13.632819,vla2,0,Channel 1,22.28,2023-12-01T21:35:00.000000,9.849549
2023-12-01T21:35:22.830080,vla2,0,Channel 1,22.09,2023-12-01T21:35:00.000000,9.197261
2023-12-01T21:35:31.701196,vla2,0,Channel 1,21.9,2023-12-01T21:35:00.000000,8.871115999999999
2023-12-01T21:35:41.159372,vla2,0,Channel 1,22.48,2023-12-01T21:35:00.000000,9.458176
2023-12-01T21:35:51.074150,vla2,0,Channel 1,22.92,2023-12-01T21:35:00.000000,9.914778
2023-12-01T21:36:01.761177,vla2,0,Channel 1,19.37,2023-12-01T21:36:00.000000,10.687026999999999
2023-12-01T21:36:11.284582,vla2,0,Channel 1,21.26,2023-12-01T21:36:00.000000,9.523405
2023-12-01T21:36:20.677529,vla2,0,Channel 1,20.83,2023-12-01T21:36:00.000000,9.392947
2023-12-01T21:36:31.440281,vla2,0,Channel 1,20.0,2023-12-01T21:36:00.000000,10.762751999999999
2023-12-01T21:36:40.768000,vla2,0,Channel 1,21.9,2023-12-01T21:36:00.000000,9.327719
2023-12-01T21:36:50.160947,vla2,0,Channel 1,22.72,2023-12-01T21:36:00.000000,9.392947
2023-12-01T21:36:59.684352,vla2,0,Channel 1,22.72,2023-12-01T21:36:00.000000,9.523405
2023-12-01T21:37:09.066803,vla2,0,Channel 1,21.9,2023-12-01T21:37:00.000000,9.382451
2023-12-01T21:37:18.785894,vla2,0,Channel 1,19.61,2023-12-01T21:37:00.000000,9.719090999999999
2023-12-01T21:37:28.700672,vla2,0,Channel 1,19.8,2023-12-01T21:37:00.000000,9.914778
2023-12-01T21:37:37.767475,vla2,0,Channel 1,20.44,2023-12-01T21:37:00.000000,9.066803
2023-12-01T21:37:48.464998,vla2,0,Channel 1,20.19,2023-12-01T21:37:00.000000,10.697523
2023-12-01T21:37:57.923174,vla2,0,Channel 1,20.63,2023-12-01T21:37:00.000000,9.458176
2023-12-01T21:38:07.566540,vla2,0,Channel 1,20.44,2023-12-01T21:38:00.000000,9.643366
2023-12-01T21:38:16.959488,vla2,0,Channel 1,19.8,2023-12-01T21:38:00.000000,9.392947999999999
2023-12-01T21:38:26.156748,vla2,0,Channel 1,20.44,2023-12-01T21:38:00.000000,9.19726
2023-12-01T21:38:35.484467,vla2,0,Channel 1,21.26,2023-12-01T21:38:00.000000,9.327719
2023-12-01T21:38:44.681728,vla2,0,Channel 1,19.61,2023-12-01T21:38:00.000000,9.197261
2023-12-01T21:38:54.139904,vla2,0,Channel 1,20.0,2023-12-01T21:38:00.000000,9.458176
2023-12-01T21:39:04.957388,vla2,0,Channel 1,19.37,2023-12-01T21:39:00.000000,10.817484
2023-12-01T21:39:15.067852,vla2,0,Channel 1,19.37,2023-12-01T21:39:00.000000,10.110464
2023-12-01T21:39:24.721715,vla2,0,Channel 1,18.98,2023-12-01T21:39:00.000000,9.653863
2023-12-01T21:39:34.310348,vla2,0,Channel 1,19.17,2023-12-01T21:39:00.000000,9.588633
2023-12-01T21:39:44.486041,vla2,0,Channel 1,20.63,2023-12-01T21:39:00.000000,10.175692999999999
2023-12-01T21:39:54.400819,vla2,0,Channel 1,18.98,2023-12-01T21:39:00.000000,9.914778
2023-12-01T21:40:03.783270,vla2,0,Channel 1,18.34,2023-12-01T21:40:00.000000,9.382451
2023-12-01T21:40:14.806937,vla2,0,Channel 1,18.34,2023-12-01T21:40:00.000000,11.023667
2023-12-01T21:40:23.678054,vla2,0,Channel 1,22.09,2023-12-01T21:40:00.000000,8.871117
2023-12-01T21:40:33.201459,vla2,0,Channel 1,20.63,2023-12-01T21:40:00.000000,9.523405
2023-12-01T21:40:42.985779,vla2,0,Channel 1,20.83,2023-12-01T21:40:00.000000,9.78432
2023-12-01T21:40:53.161472,vla2,0,Channel 1,19.37,2023-12-01T21:40:00.000000,10.175692999999999
2023-12-01T21:42:47.617024,vla2,0,Channel 1,19.61,2023-12-01T21:42:00.000000,
2023-12-01T21:42:57.140428,vla2,0,Channel 1,19.17,2023-12-01T21:42:00.000000,9.523404
2023-12-01T21:43:06.261964,vla2,0,Channel 1,20.44,2023-12-01T21:43:00.000000,9.121535999999999
2023-12-01T21:43:16.502886,vla2,0,Channel 1,18.54,2023-12-01T21:43:00.000000,10.240922
2023-12-01T21:43:25.895833,vla2,0,Channel 1,20.44,2023-12-01T21:43:00.000000,9.392947
2023-12-01T21:43:35.941068,vla2,0,Channel 1,21.02,2023-12-01T21:43:00.000000,10.045235
2023-12-01T21:43:46.377676,vla2,0,Channel 1,20.19,2023-12-01T21:43:00.000000,10.436608
2023-12-01T21:43:56.227225,vla2,0,Channel 1,20.63,2023-12-01T21:43:00.000000,9.849549
2023-12-01T21:44:05.740134,vla2,0,Channel 1,20.0,2023-12-01T21:44:00.000000,9.512908999999999
2023-12-01T22:15:07.175168,vla2,0,Channel 1,19.61,2023-12-01T22:15:00.000000,
2023-12-01T22:15:16.894259,vla2,0,Channel 1,19.17,2023-12-01T22:15:00.000000,9.719090999999999
2023-12-01T22:15:26.221977,vla2,0,Channel 1,19.37,2023-12-01T22:15:00.000000,9.327717999999999
2023-12-01T22:15:35.549696,vla2,0,Channel 1,19.61,2023-12-01T22:15:00.000000,9.327719
2023-12-01T22:15:45.073100,vla2,0,Channel 1,19.61,2023-12-01T22:15:00.000000,9.523404
2023-12-01T22:15:54.726963,vla2,0,Channel 1,19.8,2023-12-01T22:15:00.000000,9.653863
2023-12-01T22:16:04.566016,vla2,0,Channel 1,19.61,2023-12-01T22:16:00.000000,9.839053
2023-12-01T22:16:14.219878,vla2,0,Channel 1,19.61,2023-12-01T22:16:00.000000,9.653862
2023-12-01T22:16:25.243545,vla2,0,Channel 1,19.61,2023-12-01T22:16:00.000000,11.023667
2023-12-01T22:16:35.941068,vla2,0,Channel 1,19.37,2023-12-01T22:16:00.000000,10.697523
2023-12-01T22:16:45.399244,vla2,0,Channel 1,19.17,2023-12-01T22:16:00.000000,9.458176
2023-12-01T22:16:54.531276,vla2,0,Channel 1,19.61,2023-12-01T22:16:00.000000,9.132031999999999
2023-12-01T22:17:03.587584,vla2,0,Channel 1,20.0,2023-12-01T22:17:00.000000,9.056308
2023-12-01T22:17:12.980531,vla2,0,Channel 1,19.61,2023-12-01T22:17:00.000000,9.392947
2023-12-01T22:17:22.830080,vla2,0,Channel 1,20.0,2023-12-01T22:17:00.000000,9.849549
2023-12-01T22:17:32.483942,vla2,0,Channel 1,20.19,2023-12-01T22:17:00.000000,9.653862
2023-12-01T22:17:41.811660,vla2,0,Channel 1,19.8,2023-12-01T22:17:00.000000,9.327717999999999
2023-12-01T22:17:52.052582,vla2,0,Channel 1,19.8,2023-12-01T22:17:00.000000,10.240922
2023-12-01T22:18:02.413465,vla2,0,Channel 1,19.61,2023-12-01T22:18:00.000000,10.360883
2023-12-01T22:18:12.523929,vla2,0,Channel 1,19.37,2023-12-01T22:18:00.000000,10.110464
2023-12-01T22:18:21.590732,vla2,0,Channel 1,19.17,2023-12-01T22:18:00.000000,9.066803
2023-12-01T22:18:30.983680,vla2,0,Channel 1,19.37,2023-12-01T22:18:00.000000,9.392947999999999
2023-12-01T22:18:40.572313,vla2,0,Channel 1,19.61,2023-12-01T22:18:00.000000,9.588633
2023-12-01T22:18:49.965260,vla2,0,Channel 1,19.61,2023-12-01T22:18:00.000000,9.392947
2023-12-01T22:18:59.358208,vla2,0,Channel 1,19.61,2023-12-01T22:18:00.000000,9.392947999999999
2023-12-01T22:19:09.111961,vla2,0,Channel 1,18.73,2023-12-01T22:19:00.000000,9.753753
2023-12-01T22:19:18.264064,vla2,0,Channel 1,19.61,2023-12-01T22:19:00.000000,9.152103
2023-12-01T22:19:28.499968,vla2,0,Channel 1,19.8,2023-12-01T22:19:00.000000,10.235904
2023-12-01T22:19:38.254182,vla2,0,Channel 1,19.61,2023-12-01T22:19:00.000000,9.754214
2023-12-01T22:19:47.366144,vla2,0,Channel 1,21.26,2023-12-01T22:19:00.000000,9.111962
2023-12-01T22:19:57.441484,vla2,0,Channel 1,19.8,2023-12-01T22:19:00.000000,10.075339999999999
2023-12-01T22:20:06.864076,vla2,0,Channel 1,19.37,2023-12-01T22:20:00.000000,9.422592
2023-12-01T22:20:16.136601,vla2,0,Channel 1,19.71,2023-12-01T22:20:00.000000,9.272525
2023-12-01T22:20:25.810534,vla2,0,Channel 1,19.46,2023-12-01T22:20:00.000000,9.673933
2023-12-01T22:20:35.604889,vla2,0,Channel 1,19.37,2023-12-01T22:20:00.000000,9.794355
2023-12-01T22:20:44.957696,vla2,0,Channel 1,22.28,2023-12-01T22:20:00.000000,9.352807
2023-12-01T22:20:54.551347,vla2,0,Channel 1,22.72,2023-12-01T22:20:00.000000,9.593651
2023-12-01T22:21:03.692953,vla2,0,Channel 1,23.36,2023-12-01T22:21:00.000000,9.141606
2023-12-01T22:21:13.808435,vla2,0,Channel 1,20.0,2023-12-01T22:21:00.000000,10.115482
2023-12-01T22:21:22.920396,vla2,0,Channel 1,19.46,2023-12-01T22:21:00.000000,9.111960999999999
2023-12-01T22:21:32.112640,vla2,0,Channel 1,19.37,2023-12-01T22:21:00.000000,9.192243999999999
2023-12-01T22:23:56.959795,vla2,0,Channel 1,21.55,2023-12-01T22:23:00.000000,
2023-12-01T22:24:07.225344,vla2,0,Channel 1,21.99,2023-12-01T22:24:00.000000,10.265549
2023-12-01T22:24:16.818995,vla2,0,Channel 1,21.02,2023-12-01T22:24:00.000000,9.593651
2023-12-01T22:24:26.573209,vla2,0,Channel 1,21.36,2023-12-01T22:24:00.000000,9.754214
2023-12-01T22:24:37.250662,vla2,0,Channel 1,21.17,2023-12-01T22:24:00.000000,10.677453
2023-12-01T22:24:47.045017,vla2,0,Channel 1,21.36,2023-12-01T22:24:00.000000,9.794355
2023-12-01T22:24:56.718950,vla2,0,Channel 1,21.02,2023-12-01T22:24:00.000000,9.673933
2023-12-01T22:25:05.820416,vla2,0,Channel 1,22.28,2023-12-01T22:25:00.000000,9.101466
2023-12-01T22:25:15.695052,vla2,0,Channel 1,22.19,2023-12-01T22:25:00.000000,9.874635999999999
2023-12-01T22:25:26.252083,vla2,0,Channel 1,21.65,2023-12-01T22:25:00.000000,10.557031
2023-12-01T22:25:35.926016,vla2,0,Channel 1,20.44,2023-12-01T22:25:00.000000,9.673933
2023-12-01T22:25:45.840793,vla2,0,Channel 1,20.83,2023-12-01T22:25:00.000000,9.914776999999999
2023-12-01T22:25:55.434444,vla2,0,Channel 1,21.17,2023-12-01T22:25:00.000000,9.593651
2023-12-01T22:26:04.535910,vla2,0,Channel 1,21.26,2023-12-01T22:26:00.000000,9.101466
2023-12-01T22:26:13.688012,vla2,0,Channel 1,21.02,2023-12-01T22:26:00.000000,9.152102
2023-12-01T22:26:23.361945,vla2,0,Channel 1,21.46,2023-12-01T22:26:00.000000,9.673933
2023-12-01T22:26:32.915456,vla2,0,Channel 1,22.92,2023-12-01T22:26:00.000000,9.553511
2023-12-01T22:26:42.950656,vla2,0,Channel 1,23.55,2023-12-01T22:26:00.000000,10.0352
2023-12-01T22:26:52.825292,vla2,0,Channel 1,22.92,2023-12-01T22:26:00.000000,9.874635999999999
2023-12-01T22:27:02.528870,vla2,0,Channel 1,21.65,2023-12-01T22:27:00.000000,9.703578
2023-12-01T22:27:12.644352,vla2,0,Channel 1,21.02,2023-12-01T22:27:00.000000,10.115482
2023-12-01T22:27:22.197862,vla2,0,Channel 1,21.26,2023-12-01T22:27:00.000000,9.55351
2023-12-01T22:27:31.390105,vla2,0,Channel 1,21.65,2023-12-01T22:27:00.000000,9.192243
2023-12-01T22:27:40.863334,vla2,0,Channel 1,22.92,2023-12-01T22:27:00.000000,9.473229
2023-12-01T22:27:50.135859,vla2,0,Channel 1,23.55,2023-12-01T22:27:00.000000,9.272525
2023-12-01T22:27:59.809792,vla2,0,Channel 1,23.11,2023-12-01T22:27:00.000000,9.673933
2023-12-01T22:28:09.272524,vla2,0,Channel 1,22.92,2023-12-01T22:28:00.000000,9.462731999999999
2023-12-01T22:28:18.826035,vla2,0,Channel 1,23.55,2023-12-01T22:28:00.000000,9.553511
2023-12-01T22:28:28.660531,vla2,0,Channel 1,22.28,2023-12-01T22:28:00.000000,9.834496
2023-12-01T22:28:38.414745,vla2,0,Channel 1,21.65,2023-12-01T22:28:00.000000,9.754214
2023-12-01T22:28:47.847833,vla2,0,Channel 1,23.94,2023-12-01T22:28:00.000000,9.433088
2023-12-01T22:28:57.521766,vla2,0,Channel 1,23.36,2023-12-01T22:28:00.000000,9.673933
2023-12-01T22:29:07.104921,vla2,0,Channel 1,22.92,2023-12-01T22:29:00.000000,9.583155
2023-12-01T22:29:16.618291,vla2,0,Channel 1,23.74,2023-12-01T22:29:00.000000,9.51337
2023-12-01T22:29:26.733772,vla2,0,Channel 1,23.11,2023-12-01T22:29:00.000000,10.115480999999999
2023-12-01T22:29:36.447846,vla2,0,Channel 1,24.18,2023-12-01T22:29:00.000000,9.714074
2023-12-01T22:29:46.723891,vla2,0,Channel 1,21.02,2023-12-01T22:29:00.000000,10.276045
2023-12-01T22:29:56.839372,vla2,0,Channel 1,20.0,2023-12-01T22:29:00.000000,10.115480999999999
2023-12-01T22:30:05.860556,vla2,0,Channel 1,20.0,2023-12-01T22:30:00.000000,9.021184
2023-12-01T22:30:15.815475,vla2,0,Channel 1,19.61,2023-12-01T22:30:00.000000,9.954919
2023-12-01T22:30:26.412646,vla2,0,Channel 1,18.98,2023-12-01T22:30:00.000000,10.597171
2023-12-01T22:32:10.878156,vla2,0,Channel 1,19.61,2023-12-01T22:32:00.000000,
2023-12-01T22:32:19.869696,vla2,0,Channel 1,19.8,2023-12-01T22:32:00.000000,8.991539999999999
2023-12-01T22:32:29.383065,vla2,0,Channel 1,20.0,2023-12-01T22:32:00.000000,9.513368999999999
2023-12-01T22:32:39.578828,vla2,0,Channel 1,19.8,2023-12-01T22:32:00.000000,10.195763
2023-12-01T22:32:48.851353,vla2,0,Channel 1,21.46,2023-12-01T22:32:00.000000,9.272525
2023-12-01T22:32:58.404864,vla2,0,Channel 1,22.28,2023-12-01T22:32:00.000000,9.553511
2023-12-01T22:33:07.747174,vla2,0,Channel 1,23.36,2023-12-01T22:33:00.000000,9.34231
2023-12-01T22:33:17.099980,vla2,0,Channel 1,23.36,2023-12-01T22:33:00.000000,9.352806
2023-12-01T22:33:26.533068,vla2,0,Channel 1,22.72,2023-12-01T22:33:00.000000,9.433088
2023-12-01T22:33:35.765452,vla2,0,Channel 1,23.36,2023-12-01T22:33:00.000000,9.232384
2023-12-01T22:33:45.359104,vla2,0,Channel 1,23.11,2023-12-01T22:33:00.000000,9.593651999999999
2023-12-01T22:33:54.752051,vla2,0,Channel 1,21.46,2023-12-01T22:33:00.000000,9.392947
2023-12-01T22:34:04.576051,vla2,0,Channel 1,20.0,2023-12-01T22:34:00.000000,9.824
2023-12-01T22:34:14.049280,vla2,0,Channel 1,20.63,2023-12-01T22:34:00.000000,9.473229
2023-12-01T22:34:24.204902,vla2,0,Channel 1,20.19,2023-12-01T22:34:00.000000,10.155622
2023-12-01T22:34:33.637990,vla2,0,Channel 1,23.74,2023-12-01T22:34:00.000000,9.433088
2023-12-01T22:34:43.271782,vla2,0,Channel 1,24.38,2023-12-01T22:34:00.000000,9.633792
2023-12-01T22:34:52.825292,vla2,0,Channel 1,23.74,2023-12-01T22:34:00.000000,9.55351
2023-12-01T22:35:02.247884,vla2,0,Channel 1,22.92,2023-12-01T22:35:00.000000,9.422592
2023-12-01T22:35:11.921817,vla2,0,Channel 1,23.11,2023-12-01T22:35:00.000000,9.673933
2023-12-01T22:35:21.515468,vla2,0,Channel 1,23.11,2023-12-01T22:35:00.000000,9.593651
2023-12-01T22:35:30.707712,vla2,0,Channel 1,23.94,2023-12-01T22:35:00.000000,9.192243999999999
2023-12-01T22:35:40.180940,vla2,0,Channel 1,23.36,2023-12-01T22:35:00.000000,9.473227999999999
2023-12-01T22:35:49.493606,vla2,0,Channel 1,22.72,2023-12-01T22:35:00.000000,9.312666
2023-12-01T22:35:58.685849,vla2,0,Channel 1,21.65,2023-12-01T22:35:00.000000,9.192243
2023-12-01T22:36:08.429568,vla2,0,Channel 1,21.02,2023-12-01T22:36:00.000000,9.743718999999999
2023-12-01T22:36:17.742233,vla2,0,Channel 1,23.36,2023-12-01T22:36:00.000000,9.312664999999999
2023-12-01T22:36:27.215462,vla2,0,Channel 1,22.92,2023-12-01T22:36:00.000000,9.473229
2023-12-01T22:36:36.688691,vla2,0,Channel 1,23.36,2023-12-01T22:36:00.000000,9.473229
2023-12-01T22:36:46.242201,vla2,0,Channel 1,23.74,2023-12-01T22:36:00.000000,9.55351
2023-12-01T22:36:55.554867,vla2,0,Channel 1,23.94,2023-12-01T22:36:00.000000,9.312666
2023-12-01T22:37:05.900697,vla2,0,Channel 1,20.83,2023-12-01T22:37:00.000000,10.34583
2023-12-01T22:37:15.133081,vla2,0,Channel 1,21.46,2023-12-01T22:37:00.000000,9.232384
2023-12-01T22:37:24.967577,vla2,0,Channel 1,23.36,2023-12-01T22:37:00.000000,9.834496
2023-12-01T22:37:34.922496,vla2,0,Channel 1,23.55,2023-12-01T22:37:00.000000,9.954919
2023-12-01T22:37:45.118259,vla2,0,Channel 1,21.65,2023-12-01T22:37:00.000000,10.195763
2023-12-01T22:37:55.755571,vla2,0,Channel 1,20.63,2023-12-01T22:37:00.000000,10.637312
2023-12-01T22:38:05.218304,vla2,0,Channel 1,23.55,2023-12-01T22:38:00.000000,9.462733
2023-12-01T22:38:14.530969,vla2,0,Channel 1,22.72,2023-12-01T22:38:00.000000,9.312664999999999
2023-12-01T22:38:24.164761,vla2,0,Channel 1,22.92,2023-12-01T22:38:00.000000,9.633792
2023-12-01T22:38:33.517568,vla2,0,Channel 1,22.09,2023-12-01T22:38:00.000000,9.352807
2023-12-01T22:38:42.910515,vla2,0,Channel 1,20.83,2023-12-01T22:38:00.000000,9.392947
2023-12-01T22:38:53.106278,vla2,0,Channel 1,21.26,2023-12-01T22:38:00.000000,10.195763
2023-12-01T22:39:03.893657,vla2,0,Channel 1,21.46,2023-12-01T22:39:00.000000,10.787379
2023-12-01T22:39:13.366886,vla2,0,Channel 1,23.11,2023-12-01T22:39:00.000000,9.473229
2023-12-01T22:39:22.559129,vla2,0,Channel 1,23.36,2023-12-01T22:39:00.000000,9.192243
2023-12-01T22:39:31.911936,vla2,0,Channel 1,22.92,2023-12-01T22:39:00.000000,9.352807
2023-12-01T22:39:41.184460,vla2,0,Channel 1,24.57,2023-12-01T22:39:00.000000,9.272523999999999
2023-12-01T22:39:50.456985,vla2,0,Channel 1,24.38,2023-12-01T22:39:00.000000,9.272525
2023-12-01T22:39:59.809792,vla2,0,Channel 1,23.36,2023-12-01T22:39:00.000000,9.352807
2023-12-01T22:40:09.914777,vla2,0,Channel 1,21.9,2023-12-01T22:40:00.000000,10.104985
2023-12-01T22:40:19.508428,vla2,0,Channel 1,21.02,2023-12-01T22:40:00.000000,9.593651
2023-12-01T22:40:30.185881,vla2,0,Channel 1,21.02,2023-12-01T22:40:00.000000,10.677453
2023-12-01T22:42:45.318963,vla2,0,Channel 1,21.65,2023-12-01T22:42:00.000000,
2023-12-01T22:42:54.631628,vla2,0,Channel 1,21.46,2023-12-01T22:42:00.000000,9.312664999999999
2023-12-01T22:43:03.773235,vla2,0,Channel 1,24.81,2023-12-01T22:43:00.000000,9.141606999999999
2023-12-01T22:43:13.607731,vla2,0,Channel 1,24.81,2023-12-01T22:43:00.000000,9.834496
2023-12-01T22:43:23.281664,vla2,0,Channel 1,24.57,2023-12-01T22:43:00.000000,9.673933
2023-12-01T22:43:32.915456,vla2,0,Channel 1,23.94,2023-12-01T22:43:00.000000,9.633792
2023-12-01T22:43:42.388684,vla2,0,Channel 1,23.94,2023-12-01T22:43:00.000000,9.473227999999999
2023-12-01T22:43:51.621068,vla2,0,Channel 1,24.38,2023-12-01T22:43:00.000000,9.232384
2023-12-01T22:44:00.963379,vla2,0,Channel 1,23.74,2023-12-01T22:44:00.000000,9.342310999999999
2023-12-01T22:44:10.677452,vla2,0,Channel 1,23.94,2023-12-01T22:44:00.000000,9.714072999999999
2023-12-01T22:44:20.230963,vla2,0,Channel 1,22.92,2023-12-01T22:44:00.000000,9.553511
2023-12-01T22:44:29.583769,vla2,0,Channel 1,23.74,2023-12-01T22:44:00.000000,9.352806
2023-12-01T22:44:39.498547,vla2,0,Channel 1,23.36,2023-12-01T22:44:00.000000,9.914778
2023-12-01T22:44:48.851353,vla2,0,Channel 1,25.2,2023-12-01T22:44:00.000000,9.352806
2023-12-01T22:44:58.445004,vla2,0,Channel 1,25.4,2023-12-01T22:44:00.000000,9.593651
