sensor,timestamp,sample,channel,threshold,distance_s,unix_time_us
3dvha,2023-12-01T21:00:02.811862,56237,5,0.32,7.0,1701464402811862
3dvha,2023-12-01T21:00:12.537059,250741,5,0.32,7.0,1701464412537059
3dvha,2023-12-01T21:00:21.751100,435022,5,0.32,7.0,1701464421751100
3dvha,2023-12-01T21:00:31.650686,633014,5,0.32,7.0,1701464431650686
3dvha,2023-12-01T21:00:41.052734,821055,5,0.32,7.0,1701464441052734
3dvha,2023-12-01T21:00:50.473086,1009462,5,0.32,7.0,1701464450473086
3dvha,2023-12-01T21:01:00.576410,1211528,5,0.32,7.0,1701464460576410
3dvha,2023-12-01T21:01:10.108856,1402177,5,0.32,7.0,1701464470108856
3dvha,2023-12-01T21:01:19.552863,1591057,5,0.32,7.0,1701464479552863
3dvha,2023-12-01T21:01:29.242373,1784847,5,0.32,7.0,1701464489242373
3dvha,2023-12-01T21:01:39.799518,1995990,5,0.32,7.0,1701464499799518
3dvha,2023-12-01T21:01:49.511332,2190227,5,0.32,7.0,1701464509511332
3dvha,2023-12-01T21:01:58.955291,2379106,5,0.32,7.0,1701464518955291
3dvha,2023-12-01T21:02:08.723121,2574462,5,0.32,7.0,1701464528723121
3dvha,2023-12-01T21:02:18.174342,2763487,5,0.32,7.0,1701464538174342
3dvha,2023-12-01T21:02:27.749194,2954984,5,0.32,7.0,1701464547749194
3dvha,2023-12-01T21:02:38.504032,3170081,5,0.32,7.0,1701464558504032
3dvha,2023-12-01T21:02:48.289137,3365783,5,0.32,7.0,1701464568289137
3dvha,2023-12-01T21:02:58.270689,3565414,5,0.32,7.0,1701464578270689
3dvha,2023-12-01T21:03:07.459405,3749188,5,0.32,7.0,1701464587459405
3dvha,2023-12-01T21:03:17.068752,3941375,5,0.32,7.0,1701464597068752
3dvha,2023-12-01T21:03:26.335890,4126718,5,0.32,7.0,1701464606335890
3dvha,2023-12-01T21:03:35.662038,4313241,5,0.32,7.0,1701464615662038
3dvha,2023-12-01T21:03:45.378502,4507570,5,0.32,7.0,1701464625378502
3dvha,2023-12-01T21:03:56.229393,4724588,5,0.32,7.0,1701464636229393
3dvha,2023-12-01T21:04:05.807486,4916150,5,0.32,7.0,1701464645807486
3dvha,2023-12-01T21:04:15.339060,5106781,5,0.32,7.0,1701464655339060
3dvha,2023-12-01T21:04:24.805584,5296112,5,0.32,7.0,1701464664805584
3dvha,2023-12-01T21:05:37.047454,6740949,5,0.32,7.0,1701464737047454
3dvha,2023-12-01T21:05:46.513388,6930268,5,0.32,7.0,1701464746513388
3dvha,2023-12-01T21:05:56.699366,7133987,5,0.32,7.0,1701464756699366
3dvha,2023-12-01T21:06:07.178712,7343574,5,0.32,7.0,1701464767178712
3dvha,2023-12-01T21:06:16.797239,7535945,5,0.32,7.0,1701464776797239
3dvha,2023-12-01T21:06:26.519650,7730393,5,0.32,7.0,1701464786519650
3dvha,2023-12-01T21:06:36.995481,7939910,5,0.32,7.0,1701464796995481
3dvha,2023-12-01T21:06:46.238589,8124772,5,0.32,7.0,1701464806238589
3dvha,2023-12-01T21:06:55.622125,8312442,5,0.32,7.0,1701464815622125
3dvha,2023-12-01T21:07:30.901799,9018036,5,0.32,7.0,1701464850901799
3dvha,2023-12-01T21:07:40.366332,9207327,5,0.32,7.0,1701464860366332
3dvha,2023-12-01T21:07:49.628120,9392562,5,0.32,7.0,1701464869628120
3dvha,2023-12-01T21:07:59.600286,9592006,5,0.32,7.0,1701464879600286
3dvha,2023-12-01T21:08:08.876652,9777533,5,0.32,7.0,1701464888876652
3dvha,2023-12-01T21:08:18.129331,9962587,5,0.32,7.0,1701464898129331
3dvha,2023-12-01T21:08:28.993031,10179861,5,0.32,7.0,1701464908993031
3dvha,2023-12-01T21:08:39.388778,10387776,5,0.32,7.0,1701464919388778
3dvha,2023-12-01T21:08:48.823082,10576462,5,0.32,7.0,1701464928823082
3dvha,2023-12-01T21:08:58.667401,10773348,5,0.32,7.0,1701464938667401
3dvha,2023-12-01T21:09:07.975362,10959507,5,0.32,7.0,1701464947975362
3dvha,2023-12-01T21:09:18.708902,11174178,5,0.32,7.0,1701464958708902
3dvha,2023-12-01T21:09:28.375480,11367510,5,0.32,7.0,1701464968375480
3dvha,2023-12-01T21:09:37.588804,11551776,5,0.32,7.0,1701464977588804
3dvha,2023-12-01T21:09:47.150289,11743006,5,0.32,7.0,1701464987150289
3dvha,2023-12-01T21:09:57.637009,11952740,5,0.32,7.0,1701464997637009
3dvha,2023-12-01T21:10:06.920653,12138413,5,0.32,7.0,1701465006920653
3dvha,2023-12-01T21:10:16.746383,12334928,5,0.32,7.0,1701465016746383
3dvha,2023-12-01T21:12:01.540248,14430805,5,0.32,7.0,1701465121540248
3dvha,2023-12-01T21:12:10.871758,14617435,5,0.32,7.0,1701465130871758
3dvha,2023-12-01T21:12:21.754064,14835081,5,0.32,7.0,1701465141754064
3dvha,2023-12-01T21:12:30.952619,15019052,5,0.32,7.0,1701465150952619
3dvha,2023-12-01T21:12:40.600773,15212015,5,0.32,7.0,1701465160600773
3dvha,2023-12-01T21:12:50.287167,15405743,5,0.32,7.0,1701465170287167
3dvha,2023-12-01T21:12:59.938057,15598761,5,0.32,7.0,1701465179938057
3dvha,2023-12-01T21:13:09.397263,15787945,5,0.32,7.0,1701465189397263
3dvha,2023-12-01T21:13:19.469351,15989387,5,0.32,7.0,1701465199469351
3dvha,2023-12-01T21:13:29.023455,16180469,5,0.32,7.0,1701465209023455
3dvha,2023-12-01T21:13:38.146690,16362934,5,0.32,7.0,1701465218146690
3dvha,2023-12-01T21:13:47.569631,16551393,5,0.32,7.0,1701465227569631
3dvha,2023-12-01T21:13:56.723478,16734470,5,0.32,7.0,1701465236723478
3dvha,2023-12-01T21:14:06.832842,16936657,5,0.32,7.0,1701465246832842
3dvha,2023-12-01T21:14:17.351802,17147036,5,0.32,7.0,1701465257351802
3dvha,2023-12-01T21:14:26.760312,17335206,5,0.32,7.0,1701465266760312
3dvha,2023-12-01T21:14:36.721916,17534438,5,0.32,7.0,1701465276721916
3dvha,2023-12-01T21:14:45.687953,17713759,5,0.32,7.0,1701465285687953
3dvha,2023-12-01T21:14:55.344357,17906887,5,0.32,7.0,1701465295344357
3dvha,2023-12-01T21:15:04.679562,18093591,5,0.32,7.0,1701465304679562
3dvha,2023-12-01T21:15:14.045202,18280904,5,0.32,7.0,1701465314045202
3dvha,2023-12-01T21:15:24.100080,18482002,5,0.32,7.0,1701465324100080
3dvha,2023-12-01T21:15:33.705984,18674120,5,0.32,7.0,1701465333705984
3dvha,2023-12-01T21:15:42.833163,18856663,5,0.32,7.0,1701465342833163
3dvha,2023-12-01T21:15:52.044558,19040891,5,0.32,7.0,1701465352044558
3dvha,2023-12-01T21:16:01.501857,19230037,5,0.32,7.0,1701465361501857
3dvha,2023-12-01T21:16:10.964092,19419282,5,0.32,7.0,1701465370964092
3dvha,2023-12-01T21:16:20.457681,19609154,5,0.32,7.0,1701465380457681
3dvha,2023-12-01T21:16:30.889779,19817796,5,0.32,7.0,1701465390889779
3dvha,2023-12-01T21:16:39.863939,19997279,5,0.32,7.0,1701465399863939
3dvha,2023-12-01T21:16:49.465175,20189303,5,0.32,7.0,1701465409465175
3dvha,2023-12-01T21:16:58.929569,20378591,5,0.32,7.0,1701465418929569
3dvha,2023-12-01T21:17:07.906284,20558126,5,0.32,7.0,1701465427906284
3dvha,2023-12-01T21:17:17.085833,20741717,5,0.32,7.0,1701465437085833
3dvha,2023-12-01T21:17:26.701737,20934035,5,0.32,7.0,1701465446701737
3dvha,2023-12-01T21:17:37.143856,21142877,5,0.32,7.0,1701465457143856
3dvha,2023-12-01T21:17:47.944688,21358894,5,0.32,7.0,1701465467944688
3dvha,2023-12-01T21:17:57.780576,21555612,5,0.32,7.0,1701465477780576
3dvha,2023-12-01T21:18:07.465916,21749318,5,0.32,7.0,1701465487465916
3dvha,2023-12-01T21:18:16.951311,21939026,5,0.32,7.0,1701465496951311
3dvha,2023-12-01T21:18:25.325468,22106509,5,0.32,7.0,1701465505325468
3dvha,2023-12-01T21:19:56.925741,23938515,5,0.32,7.0,1701465596925741
3dvha,2023-12-01T21:20:06.640092,24132802,5,0.32,7.0,1701465606640092
3dvha,2023-12-01T21:20:17.169051,24343381,5,0.32,7.0,1701465617169051
3dvha,2023-12-01T21:20:27.008921,24540178,5,0.32,7.0,1701465627008921
3dvha,2023-12-01T21:20:36.242998,24724860,5,0.32,7.0,1701465636242998
3dvha,2023-12-01T21:20:45.430886,24908618,5,0.32,7.0,1701465645430886
3dvha,2023-12-01T21:20:54.965903,25099318,5,0.32,7.0,1701465654965903
3dvha,2023-12-01T21:21:04.424669,25288493,5,0.32,7.0,1701465664424669
3dvha,2023-12-01T21:21:13.919990,25478400,5,0.32,7.0,1701465673919990
3dvha,2023-12-01T21:21:24.028669,25680573,5,0.32,7.0,1701465684028669
3dvha,2023-12-01T21:21:32.852872,25857057,5,0.32,7.0,1701465692852872
3dvha,2023-12-01T21:21:42.416491,26048330,5,0.32,7.0,1701465702416491
3dvha,2023-12-01T21:21:51.639156,26232783,5,0.32,7.0,1701465711639156
3dvha,2023-12-01T21:22:01.779622,26435592,5,0.32,7.0,1701465721779622
3dvha,2023-12-01T21:22:11.570380,26631408,5,0.32,7.0,1701465731570380
3dvha,2023-12-01T21:22:20.746843,26814937,5,0.32,7.0,1701465740746843
3dvha,2023-12-01T21:22:30.344572,27006891,5,0.32,7.0,1701465750344572
3dvha,2023-12-01T21:22:39.524714,27190494,5,0.32,7.0,1701465759524714
3dvha,2023-12-01T21:22:49.286397,27385728,5,0.32,7.0,1701465769286397
3dvha,2023-12-01T21:22:58.552794,27571056,5,0.32,7.0,1701465778552794
3dvha,2023-12-01T21:23:07.795992,27755920,5,0.32,7.0,1701465787795992
3dvha,2023-12-01T21:23:17.375207,27947504,5,0.32,7.0,1701465797375207
3dvha,2023-12-01T21:23:26.469016,28129380,5,0.32,7.0,1701465806469016
3dvha,2023-12-01T21:23:35.764860,28315297,5,0.32,7.0,1701465815764860
3dvha,2023-12-01T21:23:45.895717,28517914,5,0.32,7.0,1701465825895717
3dvha,2023-12-01T21:23:56.397342,28727947,5,0.32,7.0,1701465836397342
3dvha,2023-12-01T21:24:05.965323,28919306,5,0.32,7.0,1701465845965323
3dvha,2023-12-01T21:25:21.635912,30432718,5,0.32,7.0,1701465921635912
3dvha,2023-12-01T21:25:32.588858,30651777,5,0.32,7.0,1701465932588858
3dvha,2023-12-01T21:25:41.675050,30833501,5,0.32,7.0,1701465941675050
3dvha,2023-12-01T21:25:51.164285,31023286,5,0.32,7.0,1701465951164285
3dvha,2023-12-01T21:26:00.762412,31215248,5,0.32,7.0,1701465960762412
3dvha,2023-12-01T21:26:11.372458,31427449,5,0.32,7.0,1701465971372458
3dvha,2023-12-01T21:26:21.087927,31621759,5,0.32,7.0,1701465981087927
3dvha,2023-12-01T21:26:30.601264,31812025,5,0.32,7.0,1701465990601264
3dvha,2023-12-01T21:26:39.896823,31997936,5,0.32,7.0,1701465999896823
3dvha,2023-12-01T21:28:25.084612,34101692,5,0.32,7.0,1701466105084612
3dvha,2023-12-01T21:28:44.614259,34492285,5,0.32,7.0,1701466124614259
3dvha,2023-12-01T21:28:53.391605,34667832,5,0.32,7.0,1701466133391605
3dvha,2023-12-01T21:29:02.980264,34859605,5,0.32,7.0,1701466142980264
3dvha,2023-12-01T21:29:12.026239,35040525,5,0.32,7.0,1701466152026239
3dvha,2023-12-01T21:29:21.324942,35226499,5,0.32,7.0,1701466161324942
3dvha,2023-12-01T21:29:31.111579,35422232,5,0.32,7.0,1701466171111579
3dvha,2023-12-01T21:29:40.719560,35614391,5,0.32,7.0,1701466180719560
3dvha,2023-12-01T21:29:50.962624,35819252,5,0.32,7.0,1701466190962624
3dvha,2023-12-01T21:30:00.229724,36004594,5,0.32,7.0,1701466200229724
3dvha,2023-12-01T21:30:09.535352,36190707,5,0.32,7.0,1701466209535352
3dvha,2023-12-01T21:30:19.946033,36398921,5,0.32,7.0,1701466219946033
3dvha,2023-12-01T21:30:29.202843,36584057,5,0.32,7.0,1701466229202843
3dvha,2023-12-01T21:30:38.538506,36770770,5,0.32,7.0,1701466238538506
3dvha,2023-12-01T21:30:48.120491,36962410,5,0.32,7.0,1701466248120491
3dvha,2023-12-01T21:30:57.263088,37145262,5,0.32,7.0,1701466257263088
3dvha,2023-12-01T21:31:06.981437,37339629,5,0.32,7.0,1701466266981437
3dvha,2023-12-01T21:31:16.126464,37522529,5,0.32,7.0,1701466276126464
3dvha,2023-12-01T21:31:25.822100,37716442,5,0.32,7.0,1701466285822100
3dvha,2023-12-01T21:31:35.367553,37907351,5,0.32,7.0,1701466295367553
3dvha,2023-12-01T21:31:44.845162,38096903,5,0.32,7.0,1701466304845162
3dvha,2023-12-01T21:31:55.111131,38302223,5,0.32,7.0,1701466315111131
3dvha,2023-12-01T21:32:05.409053,38508181,5,0.32,7.0,1701466325409053
3dvha,2023-12-01T21:32:14.253238,38685065,5,0.32,7.0,1701466334253238
3dvha,2023-12-01T21:32:23.207315,38864146,5,0.32,7.0,1701466343207315
3dvha,2023-12-01T21:32:32.871517,39057430,5,0.32,7.0,1701466352871517
3dvha,2023-12-01T21:32:42.216182,39244324,5,0.32,7.0,1701466362216182
3dvha,2023-12-01T21:32:51.807478,39436150,5,0.32,7.0,1701466371807478
3dvha,2023-12-01T21:33:01.405281,39628106,5,0.32,7.0,1701466381405281
3dvha,2023-12-01T21:33:11.164103,39823282,5,0.32,7.0,1701466391164103
3dvha,2023-12-01T21:33:20.672810,40013456,5,0.32,7.0,1701466400672810
3dvha,2023-12-01T21:34:44.947067,41698941,5,0.32,7.0,1701466484947067
3dvha,2023-12-01T21:34:54.641592,41892832,5,0.32,7.0,1701466494641592
3dvha,2023-12-01T21:35:03.658972,42073179,5,0.32,7.0,1701466503658972
3dvha,2023-12-01T21:35:13.455689,42269114,5,0.32,7.0,1701466513455689
3dvha,2023-12-01T21:35:22.707508,42454150,5,0.32,7.0,1701466522707508
3dvha,2023-12-01T21:35:31.557168,42631143,5,0.32,7.0,1701466531557168
3dvha,2023-12-01T21:35:41.063449,42821269,5,0.32,7.0,1701466541063449
3dvha,2023-12-01T21:35:50.961777,43019236,5,0.32,7.0,1701466550961777
3dvha,2023-12-01T21:36:01.583421,43231668,5,0.32,7.0,1701466561583421
3dvha,2023-12-01T21:36:11.173191,43423464,5,0.32,7.0,1701466571173191
3dvha,2023-12-01T21:36:20.426276,43608526,5,0.32,7.0,1701466580426276
3dvha,2023-12-01T21:36:31.180630,43823613,5,0.32,7.0,1701466591180630
3dvha,2023-12-01T21:36:40.582319,44011646,5,0.32,7.0,1701466600582319
3dvha,2023-12-01T21:36:49.995106,44199902,5,0.32,7.0,1701466609995106
3dvha,2023-12-01T21:36:59.503998,44390080,5,0.32,7.0,1701466619503998
3dvha,2023-12-01T21:37:08.939829,44578797,5,0.32,7.0,1701466628939829
3dvha,2023-12-01T21:37:18.571648,44771433,5,0.32,7.0,1701466638571648
3dvha,2023-12-01T21:37:28.308315,44966166,5,0.32,7.0,1701466648308315
3dvha,2023-12-01T21:37:37.634391,45152688,5,0.32,7.0,1701466657634391
3dvha,2023-12-01T21:37:48.274779,45365496,5,0.32,7.0,1701466668274779
3dvha,2023-12-01T21:37:57.806413,45556128,5,0.32,7.0,1701466677806413
3dvha,2023-12-01T21:38:07.362813,45747256,5,0.32,7.0,1701466687362813
3dvha,2023-12-01T21:38:16.698494,45933970,5,0.32,7.0,1701466696698494
3dvha,2023-12-01T21:38:25.828404,46116568,5,0.32,7.0,1701466705828404
3dvha,2023-12-01T21:38:35.273114,46305462,5,0.32,7.0,1701466715273114
3dvha,2023-12-01T21:38:44.516738,46490335,5,0.32,7.0,1701466724516738
3dvha,2023-12-01T21:38:54.008716,46680174,5,0.32,7.0,1701466734008716
3dvha,2023-12-01T21:39:04.750418,46895008,5,0.32,7.0,1701466744750418
3dvha,2023-12-01T21:39:14.928189,47098564,5,0.32,7.0,1701466754928189
3dvha,2023-12-01T21:39:24.488709,47289774,5,0.32,7.0,1701466764488709
3dvha,2023-12-01T21:39:34.218634,47484373,5,0.32,7.0,1701466774218634
3dvha,2023-12-01T21:39:44.458957,47689179,5,0.32,7.0,1701466784458957
3dvha,2023-12-01T21:39:54.195002,47883900,5,0.32,7.0,1701466794195002
3dvha,2023-12-01T21:40:03.524514,48070490,5,0.32,7.0,1701466803524514
3dvha,2023-12-01T21:40:14.307316,48286146,5,0.32,7.0,1701466814307316
3dvha,2023-12-01T21:40:23.660415,48473208,5,0.32,7.0,1701466823660415
3dvha,2023-12-01T21:40:33.039325,48660787,5,0.32,7.0,1701466833039325
3dvha,2023-12-01T21:40:42.895867,48857917,5,0.32,7.0,1701466842895867
3dvha,2023-12-01T21:40:52.760547,49055211,5,0.32,7.0,1701466852760547
3dvha,2023-12-01T21:42:56.557163,51531143,5,0.32,7.0,1701466976557163
3dvha,2023-12-01T21:43:05.949389,51718988,5,0.32,7.0,1701466985949389
3dvha,2023-12-01T21:43:16.033532,51920671,5,0.32,7.0,1701466996033532
3dvha,2023-12-01T21:43:25.601321,52112026,5,0.32,7.0,1701467005601321
3dvha,2023-12-01T21:43:35.493879,52309878,5,0.32,7.0,1701467015493879
3dvha,2023-12-01T21:43:46.031973,52520639,5,0.32,7.0,1701467026031973
3dvha,2023-12-01T21:43:55.843659,52716873,5,0.32,7.0,1701467035843659
3dvha,2023-12-01T21:44:05.149345,52902987,5,0.32,7.0,1701467045149345
3dvha,2023-12-01T21:50:35.800457,60716009,5,0.32,7.0,1701467435800457
3dvha,2023-12-01T21:52:32.984077,63059682,5,0.32,7.0,1701467552984077
3dvha,2023-12-01T21:55:56.588932,67131779,5,0.32,7.0,1701467756588932
3dvha,2023-12-01T21:56:47.119355,68142387,5,0.32,7.0,1701467807119355
3dvha,2023-12-01T22:00:49.615057,72992301,5,0.32,7.0,1701468049615057
3dvha,2023-12-01T22:01:51.104008,74222080,5,0.32,7.0,1701468111104008
3dvha,2023-12-01T22:03:39.601629,76392033,5,0.32,7.0,1701468219601629
3dvha,2023-12-01T22:05:04.085260,78081705,5,0.32,7.0,1701468304085260
3dvha,2023-12-01T22:05:40.884522,78817690,5,0.32,7.0,1701468340884522
3dvha,2023-12-01T22:06:06.889697,79337794,5,0.32,7.0,1701468366889697
3dvha,2023-12-01T22:12:21.810640,86836213,5,0.32,7.0,1701468741810640
3dvha,2023-12-01T22:12:35.802662,87116053,5,0.32,7.0,1701468755802662
3dvha,2023-12-01T22:12:55.444049,87508881,5,0.32,7.0,1701468775444049
3dvha,2023-12-01T22:13:41.885013,88437700,5,0.32,7.0,1701468821885013
3dvha,2023-12-01T22:14:46.621562,89732431,5,0.32,7.0,1701468886621562
3dvha,2023-12-01T22:15:18.010605,90360212,5,0.32,7.0,1701468918010605
3dvha,2023-12-01T22:15:27.499397,90549988,5,0.32,7.0,1701468927499397
3dvha,2023-12-01T22:15:36.820712,90736414,5,0.32,7.0,1701468936820712
3dvha,2023-12-01T22:15:46.350673,90927013,5,0.32,7.0,1701468946350673
3dvha,2023-12-01T22:15:56.050372,91121007,5,0.32,7.0,1701468956050372
3dvha,2023-12-01T22:16:05.908597,91318172,5,0.32,7.0,1701468965908597
3dvha,2023-12-01T22:16:15.542289,91510846,5,0.32,7.0,1701468975542289
3dvha,2023-12-01T22:16:26.574368,91731487,5,0.32,7.0,1701468986574368
3dvha,2023-12-01T22:16:37.016031,91940321,5,0.32,7.0,1701468997016031
3dvha,2023-12-01T22:16:46.511176,92130224,5,0.32,7.0,1701469006511176
3dvha,2023-12-01T22:16:55.611739,92312235,5,0.32,7.0,1701469015611739
3dvha,2023-12-01T22:17:04.870957,92497419,5,0.32,7.0,1701469024870957
3dvha,2023-12-01T22:17:14.114675,92682294,5,0.32,7.0,1701469034114675
3dvha,2023-12-01T22:17:24.029362,92880587,5,0.32,7.0,1701469044029362
3dvha,2023-12-01T22:17:33.661149,93073223,5,0.32,7.0,1701469053661149
3dvha,2023-12-01T22:17:42.955094,93259102,5,0.32,7.0,1701469062955094
3dvha,2023-12-01T22:17:53.233619,93464672,5,0.32,7.0,1701469073233619
3dvha,2023-12-01T22:18:03.436188,93668724,5,0.32,7.0,1701469083436188
3dvha,2023-12-01T22:18:13.462290,93869246,5,0.32,7.0,1701469093462290
3dvha,2023-12-01T22:18:22.671061,94053421,5,0.32,7.0,1701469102671061
3dvha,2023-12-01T22:18:32.040969,94240819,5,0.32,7.0,1701469112040969
3dvha,2023-12-01T22:18:41.710262,94434205,5,0.32,7.0,1701469121710262
3dvha,2023-12-01T22:18:50.986971,94619739,5,0.32,7.0,1701469130986971
3dvha,2023-12-01T22:19:00.488567,94809771,5,0.32,7.0,1701469140488567
3dvha,2023-12-01T22:19:10.160992,95003220,5,0.32,7.0,1701469150160992
3dvha,2023-12-01T22:19:19.338177,95186764,5,0.32,7.0,1701469159338177
3dvha,2023-12-01T22:19:29.672235,95393445,5,0.32,7.0,1701469169672235
3dvha,2023-12-01T22:19:39.276374,95585527,5,0.32,7.0,1701469179276374
3dvha,2023-12-01T22:19:48.593776,95771876,5,0.32,7.0,1701469188593776
3dvha,2023-12-01T22:19:58.497852,95969957,5,0.32,7.0,1701469198497852
3dvha,2023-12-01T22:20:07.838638,96156773,5,0.32,7.0,1701469207838638
3dvha,2023-12-01T22:20:17.069973,96341399,5,0.32,7.0,1701469217069973
3dvha,2023-12-01T22:20:26.729547,96534591,5,0.32,7.0,1701469226729547
3dvha,2023-12-01T22:20:36.503935,96730079,5,0.32,7.0,1701469236503935
3dvha,2023-12-01T22:20:45.925693,96918514,5,0.32,7.0,1701469245925693
3dvha,2023-12-01T22:20:55.487727,97109755,5,0.32,7.0,1701469255487727
3dvha,2023-12-01T22:21:04.684393,97293688,5,0.32,7.0,1701469264684393
3dvha,2023-12-01T22:21:14.590873,97491817,5,0.32,7.0,1701469274590873
3dvha,2023-12-01T22:21:23.673375,97673468,5,0.32,7.0,1701469283673375
3dvha,2023-12-01T22:21:32.964190,97859284,5,0.32,7.0,1701469292964190
3dvha,2023-12-01T22:21:43.509115,98070182,5,0.32,7.0,1701469303509115
3dvha,2023-12-01T22:22:55.521538,99510431,5,0.32,7.0,1701469375521538
3dvha,2023-12-01T22:23:29.757599,100195152,5,0.32,7.0,1701469409757599
3dvha,2023-12-01T22:23:39.680827,100393617,5,0.32,7.0,1701469419680827
3dvha,2023-12-01T22:23:48.991470,100579829,5,0.32,7.0,1701469428991470
3dvha,2023-12-01T22:23:57.644179,100752884,5,0.32,7.0,1701469437644179
3dvha,2023-12-01T22:24:07.971008,100959420,5,0.32,7.0,1701469447971008
3dvha,2023-12-01T22:24:17.492418,101149848,5,0.32,7.0,1701469457492418
3dvha,2023-12-01T22:24:27.284230,101345685,5,0.32,7.0,1701469467284230
3dvha,2023-12-01T22:24:37.968044,101559361,5,0.32,7.0,1701469477968044
3dvha,2023-12-01T22:24:47.728403,101754568,5,0.32,7.0,1701469487728403
3dvha,2023-12-01T22:24:57.440920,101948818,5,0.32,7.0,1701469497440920
3dvha,2023-12-01T22:25:06.606518,102132130,5,0.32,7.0,1701469506606518
3dvha,2023-12-01T22:25:16.447102,102328942,5,0.32,7.0,1701469516447102
3dvha,2023-12-01T22:25:26.978683,102539574,5,0.32,7.0,1701469526978683
3dvha,2023-12-01T22:25:36.609333,102732187,5,0.32,7.0,1701469536609333
3dvha,2023-12-01T22:25:46.628314,102932566,5,0.32,7.0,1701469546628314
3dvha,2023-12-01T22:25:56.173691,103123474,5,0.32,7.0,1701469556173691
3dvha,2023-12-01T22:26:05.315115,103306302,5,0.32,7.0,1701469565315115
3dvha,2023-12-01T22:26:14.515699,103490314,5,0.32,7.0,1701469574515699
3dvha,2023-12-01T22:26:24.134721,103682694,5,0.32,7.0,1701469584134721
3dvha,2023-12-01T22:26:33.782168,103875643,5,0.32,7.0,1701469593782168
3dvha,2023-12-01T22:26:43.754674,104075093,5,0.32,7.0,1701469603754674
3dvha,2023-12-01T22:26:53.661889,104273238,5,0.32,7.0,1701469613661889
3dvha,2023-12-01T22:27:03.381034,104467621,5,0.32,7.0,1701469623381034
3dvha,2023-12-01T22:27:13.469240,104669385,5,0.32,7.0,1701469633469240
3dvha,2023-12-01T22:27:22.991310,104859826,5,0.32,7.0,1701469642991310
3dvha,2023-12-01T22:27:32.235848,105044717,5,0.32,7.0,1701469652235848
3dvha,2023-12-01T22:27:41.779780,105235596,5,0.32,7.0,1701469661779780
3dvha,2023-12-01T22:27:51.061803,105421236,5,0.32,7.0,1701469671061803
3dvha,2023-12-01T22:28:00.853224,105617064,5,0.32,7.0,1701469680853224
3dvha,2023-12-01T22:28:10.264901,105805298,5,0.32,7.0,1701469690264901
3dvha,2023-12-01T22:28:19.750601,105995012,5,0.32,7.0,1701469699750601
3dvha,2023-12-01T22:28:29.641208,106192824,5,0.32,7.0,1701469709641208
3dvha,2023-12-01T22:28:39.330657,106386613,5,0.32,7.0,1701469719330657
3dvha,2023-12-01T22:28:48.830025,106576601,5,0.32,7.0,1701469728830025
3dvha,2023-12-01T22:28:58.561035,106771221,5,0.32,7.0,1701469738561035
3dvha,2023-12-01T22:29:08.172729,106963455,5,0.32,7.0,1701469748172729
3dvha,2023-12-01T22:29:17.612792,107152256,5,0.32,7.0,1701469757612792
3dvha,2023-12-01T22:29:27.747208,107354944,5,0.32,7.0,1701469767747208
3dvha,2023-12-01T22:29:37.469278,107549386,5,0.32,7.0,1701469777469278
3dvha,2023-12-01T22:29:47.617753,107752355,5,0.32,7.0,1701469787617753
3dvha,2023-12-01T22:29:57.822617,107956452,5,0.32,7.0,1701469797822617
3dvha,2023-12-01T22:30:06.835611,108136712,5,0.32,7.0,1701469806835611
3dvha,2023-12-01T22:30:16.753159,108335063,5,0.32,7.0,1701469816753159
3dvha,2023-12-01T22:30:37.796541,108755931,5,0.32,7.0,1701469837796541
3dvha,2023-12-01T22:31:45.176341,110103527,5,0.32,7.0,1701469905176341
3dvha,2023-12-01T22:32:21.085822,110821716,5,0.32,7.0,1701469941085822
3dvha,2023-12-01T22:32:30.569497,111011390,5,0.32,7.0,1701469950569497
3dvha,2023-12-01T22:32:40.768254,111215365,5,0.32,7.0,1701469960768254
3dvha,2023-12-01T22:32:50.115230,111402305,5,0.32,7.0,1701469970115230
3dvha,2023-12-01T22:32:59.744363,111594887,5,0.32,7.0,1701469979744363
3dvha,2023-12-01T22:33:09.064011,111781280,5,0.32,7.0,1701469989064011
3dvha,2023-12-01T22:33:18.507650,111970153,5,0.32,7.0,1701469998507650
3dvha,2023-12-01T22:33:27.876334,112157527,5,0.32,7.0,1701470007876334
3dvha,2023-12-01T22:33:37.104661,112342093,5,0.32,7.0,1701470017104661
3dvha,2023-12-01T22:33:46.751597,112535032,5,0.32,7.0,1701470026751597
3dvha,2023-12-01T22:33:56.129907,112722598,5,0.32,7.0,1701470036129907
3dvha,2023-12-01T22:34:05.923353,112918467,5,0.32,7.0,1701470045923353
3dvha,2023-12-01T22:34:15.387691,113107754,5,0.32,7.0,1701470055387691
3dvha,2023-12-01T22:34:25.534424,113310688,5,0.32,7.0,1701470065534424
3dvha,2023-12-01T22:34:34.996720,113499934,5,0.32,7.0,1701470074996720
3dvha,2023-12-01T22:34:44.650163,113693003,5,0.32,7.0,1701470084650163
3dvha,2023-12-01T22:34:54.311947,113886239,5,0.32,7.0,1701470094311947
3dvha,2023-12-01T22:35:03.747177,114074944,5,0.32,7.0,1701470103747177
3dvha,2023-12-01T22:35:13.390806,114267816,5,0.32,7.0,1701470113390806
3dvha,2023-12-01T22:35:22.969454,114459389,5,0.32,7.0,1701470122969454
3dvha,2023-12-01T22:35:32.260534,114645211,5,0.32,7.0,1701470132260534
3dvha,2023-12-01T22:35:41.692360,114833847,5,0.32,7.0,1701470141692360
3dvha,2023-12-01T22:35:50.963557,115019271,5,0.32,7.0,1701470150963557
3dvha,2023-12-01T22:36:00.210895,115204218,5,0.32,7.0,1701470160210895
3dvha,2023-12-01T22:36:09.961578,115399232,5,0.32,7.0,1701470169961578
3dvha,2023-12-01T22:36:19.249299,115584986,5,0.32,7.0,1701470179249299
3dvha,2023-12-01T22:36:28.762147,115775243,5,0.32,7.0,1701470188762147
3dvha,2023-12-01T22:36:38.174817,115963496,5,0.32,7.0,1701470198174817
3dvha,2023-12-01T22:36:47.696076,116153922,5,0.32,7.0,1701470207696076
3dvha,2023-12-01T22:36:57.083893,116341678,5,0.32,7.0,1701470217083893
3dvha,2023-12-01T22:37:07.335638,116546713,5,0.32,7.0,1701470227335638
3dvha,2023-12-01T22:37:16.609971,116732199,5,0.32,7.0,1701470236609971
3dvha,2023-12-01T22:37:26.461639,116929233,5,0.32,7.0,1701470246461639
3dvha,2023-12-01T22:37:36.365872,117127317,5,0.32,7.0,1701470256365872
3dvha,2023-12-01T22:37:46.572194,117331444,5,0.32,7.0,1701470266572194
3dvha,2023-12-01T22:37:57.231754,117544635,5,0.32,7.0,1701470277231754
3dvha,2023-12-01T22:38:06.797509,117735950,5,0.32,7.0,1701470286797509
3dvha,2023-12-01T22:38:16.094807,117921896,5,0.32,7.0,1701470296094807
3dvha,2023-12-01T22:38:25.688248,118113765,5,0.32,7.0,1701470305688248
3dvha,2023-12-01T22:38:35.053568,118301071,5,0.32,7.0,1701470315053568
3dvha,2023-12-01T22:38:44.372291,118487446,5,0.32,7.0,1701470324372291
3dvha,2023-12-01T22:38:54.604884,118692098,5,0.32,7.0,1701470334604884
3dvha,2023-12-01T22:39:05.316029,118906321,5,0.32,7.0,1701470345316029
3dvha,2023-12-01T22:39:14.788672,119095773,5,0.32,7.0,1701470354788672
3dvha,2023-12-01T22:39:24.110266,119282205,5,0.32,7.0,1701470364110266
3dvha,2023-12-01T22:39:33.311952,119466239,5,0.32,7.0,1701470373311952
3dvha,2023-12-01T22:39:42.636217,119652724,5,0.32,7.0,1701470382636217
3dvha,2023-12-01T22:39:51.967140,119839343,5,0.32,7.0,1701470391967140
3dvha,2023-12-01T22:40:01.387638,120027753,5,0.32,7.0,1701470401387638
3dvha,2023-12-01T22:40:11.441855,120228837,5,0.32,7.0,1701470411441855
3dvha,2023-12-01T22:40:20.885478,120417710,5,0.32,7.0,1701470420885478
3dvha,2023-12-01T22:41:09.422994,121388460,5,0.32,7.0,1701470469422994
3dvha,2023-12-01T22:42:19.892522,122797850,5,0.32,7.0,1701470539892522
3dvha,2023-12-01T22:42:37.358365,123147167,5,0.32,7.0,1701470557358365
3dvha,2023-12-01T22:42:46.697633,123333953,5,0.32,7.0,1701470566697633
3dvha,2023-12-01T22:42:56.082547,123521651,5,0.32,7.0,1701470576082547
3dvha,2023-12-01T22:43:05.529436,123710589,5,0.32,7.0,1701470585529436
3dvha,2023-12-01T22:43:15.299768,123905995,5,0.32,7.0,1701470595299768
3dvha,2023-12-01T22:43:24.916965,124098339,5,0.32,7.0,1701470604916965
3dvha,2023-12-01T22:43:34.633363,124292667,5,0.32,7.0,1701470614633363
3dvha,2023-12-01T22:43:44.089898,124481798,5,0.32,7.0,1701470624089898
3dvha,2023-12-01T22:43:53.253263,124665065,5,0.32,7.0,1701470633253263
3dvha,2023-12-01T22:44:02.716672,124854333,5,0.32,7.0,1701470642716672
3dvha,2023-12-01T22:44:12.298313,125045966,5,0.32,7.0,1701470652298313
3dvha,2023-12-01T22:44:21.906141,125238123,5,0.32,7.0,1701470661906141
3dvha,2023-12-01T22:44:31.329613,125426592,5,0.32,7.0,1701470671329613
3dvha,2023-12-01T22:44:41.181832,125623637,5,0.32,7.0,1701470681181832
3dvha,2023-12-01T22:44:50.596608,125811932,5,0.32,7.0,1701470690596608
vla1,2023-12-01T21:00:03.145337,61432,5,0.27,7.0,1701464403145337
vla1,2023-12-01T21:00:12.868733,251342,5,0.27,7.0,1701464412868733
vla1,2023-12-01T21:00:22.083100,431310,5,0.27,7.0,1701464422083100
vla1,2023-12-01T21:00:31.971327,624440,5,0.27,7.0,1701464431971327
vla1,2023-12-01T21:00:41.375928,808123,5,0.27,7.0,1701464441375928
vla1,2023-12-01T21:00:50.785523,991904,5,0.27,7.0,1701464450785523
vla1,2023-12-01T21:01:00.896114,1189377,5,0.27,7.0,1701464460896114
vla1,2023-12-01T21:01:10.430832,1375602,5,0.27,7.0,1701464470430832
vla1,2023-12-01T21:01:19.868275,1559927,5,0.27,7.0,1701464479868275
vla1,2023-12-01T21:01:29.564450,1749305,5,0.27,7.0,1701464489564450
vla1,2023-12-01T21:01:40.137748,1955815,5,0.27,7.0,1701464500137748
vla1,2023-12-01T21:01:49.844693,2145404,5,0.27,7.0,1701464509844693
vla1,2023-12-01T21:01:59.282438,2329735,5,0.27,7.0,1701464519282438
vla1,2023-12-01T21:02:09.051726,2520541,5,0.27,7.0,1701464529051726
vla1,2023-12-01T21:02:18.505140,2705178,5,0.27,7.0,1701464538505140
vla1,2023-12-01T21:02:28.092776,2892437,5,0.27,7.0,1701464548092776
vla1,2023-12-01T21:02:38.845676,3102454,5,0.27,7.0,1701464558845676
vla1,2023-12-01T21:02:48.632708,3293607,5,0.27,7.0,1701464568632708
vla1,2023-12-01T21:02:58.589344,3488073,5,0.27,7.0,1701464578589344
vla1,2023-12-01T21:03:07.788170,3667737,5,0.27,7.0,1701464587788170
vla1,2023-12-01T21:03:17.398036,3855430,5,0.27,7.0,1701464597398036
vla1,2023-12-01T21:03:26.667689,4036478,5,0.27,7.0,1701464606667689
vla1,2023-12-01T21:03:35.995062,4218653,5,0.27,7.0,1701464615995062
vla1,2023-12-01T21:03:45.722218,4408637,5,0.27,7.0,1701464625722218
vla1,2023-12-01T21:03:56.570638,4620520,5,0.27,7.0,1701464636570638
vla1,2023-12-01T21:04:06.168019,4807969,5,0.27,7.0,1701464646168019
vla1,2023-12-01T21:04:15.668782,4993531,5,0.27,7.0,1701464655668782
vla1,2023-12-01T21:04:25.138774,5178491,5,0.27,7.0,1701464665138774
vla1,2023-12-01T21:04:35.674142,5384260,5,0.27,7.0,1701464675674142
vla1,2023-12-01T21:05:37.417917,6590193,5,0.27,7.0,1701464737417917
vla1,2023-12-01T21:05:46.895399,6775300,5,0.27,7.0,1701464746895399
vla1,2023-12-01T21:05:57.075132,6974123,5,0.27,7.0,1701464757075132
vla1,2023-12-01T21:06:07.552930,7178768,5,0.27,7.0,1701464767552930
vla1,2023-12-01T21:06:17.173665,7366673,5,0.27,7.0,1701464777173665
vla1,2023-12-01T21:06:26.890843,7556462,5,0.27,7.0,1701464786890843
vla1,2023-12-01T21:06:37.370899,7761150,5,0.27,7.0,1701464797370899
vla1,2023-12-01T21:06:46.612541,7941651,5,0.27,7.0,1701464806612541
vla1,2023-12-01T21:06:56.004734,8125092,5,0.27,7.0,1701464816004734
vla1,2023-12-01T21:07:31.287294,8814205,5,0.27,7.0,1701464851287294
vla1,2023-12-01T21:07:40.753020,8999082,5,0.27,7.0,1701464860753020
vla1,2023-12-01T21:07:50.006325,9179811,5,0.27,7.0,1701464870006325
vla1,2023-12-01T21:07:59.982551,9374659,5,0.27,7.0,1701464879982551
vla1,2023-12-01T21:08:09.255460,9555770,5,0.27,7.0,1701464889255460
vla1,2023-12-01T21:08:18.500053,9736329,5,0.27,7.0,1701464898500053
vla1,2023-12-01T21:08:29.380684,9948841,5,0.27,7.0,1701464909380684
vla1,2023-12-01T21:08:39.768140,10151721,5,0.27,7.0,1701464919768140
vla1,2023-12-01T21:08:49.200874,10335954,5,0.27,7.0,1701464929200874
vla1,2023-12-01T21:08:59.054303,10528404,5,0.27,7.0,1701464939054303
vla1,2023-12-01T21:09:08.341329,10709791,5,0.27,7.0,1701464948341329
vla1,2023-12-01T21:09:19.083340,10919596,5,0.27,7.0,1701464959083340
vla1,2023-12-01T21:09:28.754871,11108493,5,0.27,7.0,1701464968754871
vla1,2023-12-01T21:09:37.960175,11288284,5,0.27,7.0,1701464977960175
vla1,2023-12-01T21:09:47.529334,11475182,5,0.27,7.0,1701464987529334
vla1,2023-12-01T21:09:58.014225,11679965,5,0.27,7.0,1701464998014225
vla1,2023-12-01T21:10:07.299657,11861321,5,0.27,7.0,1701465007299657
vla1,2023-12-01T21:10:17.119992,12053125,5,0.27,7.0,1701465017119992
vla1,2023-12-01T21:10:27.305831,12252067,5,0.27,7.0,1701465027305831
vla1,2023-12-01T21:10:37.634418,12453797,5,0.27,7.0,1701465037634418
vla1,2023-12-01T21:12:01.960835,14100797,5,0.27,7.0,1701465121960835
vla1,2023-12-01T21:12:11.288560,14282979,5,0.27,7.0,1701465131288560
vla1,2023-12-01T21:12:22.182456,14495751,5,0.27,7.0,1701465142182456
vla1,2023-12-01T21:12:31.359512,14674990,5,0.27,7.0,1701465151359512
vla1,2023-12-01T21:12:41.008424,14863446,5,0.27,7.0,1701465161008424
vla1,2023-12-01T21:12:50.725261,15053227,5,0.27,7.0,1701465170725261
vla1,2023-12-01T21:13:00.369063,15241583,5,0.27,7.0,1701465180369063
vla1,2023-12-01T21:13:09.821373,15426198,5,0.27,7.0,1701465189821373
vla1,2023-12-01T21:13:19.937812,15623785,5,0.27,7.0,1701465199937812
vla1,2023-12-01T21:13:29.465360,15809870,5,0.27,7.0,1701465209465360
vla1,2023-12-01T21:13:38.585502,15987998,5,0.27,7.0,1701465218585502
vla1,2023-12-01T21:13:48.005345,16171979,5,0.27,7.0,1701465228005345
vla1,2023-12-01T21:13:57.151908,16350623,5,0.27,7.0,1701465237151908
vla1,2023-12-01T21:14:07.272971,16548300,5,0.27,7.0,1701465247272971
vla1,2023-12-01T21:14:17.788459,16753681,5,0.27,7.0,1701465257788459
vla1,2023-12-01T21:14:27.190074,16937306,5,0.27,7.0,1701465267190074
vla1,2023-12-01T21:14:37.143894,17131716,5,0.27,7.0,1701465277143894
vla1,2023-12-01T21:14:46.119738,17307026,5,0.27,7.0,1701465286119738
vla1,2023-12-01T21:14:55.787825,17495856,5,0.27,7.0,1701465295787825
vla1,2023-12-01T21:15:05.121657,17678157,5,0.27,7.0,1701465305121657
vla1,2023-12-01T21:15:14.467848,17860700,5,0.27,7.0,1701465314467848
vla1,2023-12-01T21:15:24.560807,18057828,5,0.27,7.0,1701465324560807
vla1,2023-12-01T21:15:34.147103,18245060,5,0.27,7.0,1701465334147103
vla1,2023-12-01T21:15:43.275778,18423355,5,0.27,7.0,1701465343275778
vla1,2023-12-01T21:15:52.482671,18603177,5,0.27,7.0,1701465352482671
vla1,2023-12-01T21:16:01.936601,18787824,5,0.27,7.0,1701465361936601
vla1,2023-12-01T21:16:11.399886,18972654,5,0.27,7.0,1701465371399886
vla1,2023-12-01T21:16:20.910653,19158411,5,0.27,7.0,1701465380910653
vla1,2023-12-01T21:16:31.356647,19362434,5,0.27,7.0,1701465391356647
vla1,2023-12-01T21:16:40.306963,19537245,5,0.27,7.0,1701465400306963
vla1,2023-12-01T21:16:49.903731,19724682,5,0.27,7.0,1701465409903731
vla1,2023-12-01T21:16:59.381985,19909804,5,0.27,7.0,1701465419381985
vla1,2023-12-01T21:17:08.330125,20084572,5,0.27,7.0,1701465428330125
vla1,2023-12-01T21:17:17.498598,20263644,5,0.27,7.0,1701465437498598
vla1,2023-12-01T21:17:27.149675,20452142,5,0.27,7.0,1701465447149675
vla1,2023-12-01T21:17:37.587832,20656012,5,0.27,7.0,1701465457587832
vla1,2023-12-01T21:17:48.367542,20866553,5,0.27,7.0,1701465468367542
vla1,2023-12-01T21:17:58.210204,21058793,5,0.27,7.0,1701465478210204
vla1,2023-12-01T21:18:07.880306,21247662,5,0.27,7.0,1701465487880306
vla1,2023-12-01T21:18:17.382454,21433251,5,0.27,7.0,1701465497382454
vla1,2023-12-01T21:18:26.658984,21614433,5,0.27,7.0,1701465506658984
vla1,2023-12-01T21:20:07.088362,23575944,5,0.27,7.0,1701465607088362
vla1,2023-12-01T21:20:17.624861,23781735,5,0.27,7.0,1701465617624861
vla1,2023-12-01T21:20:27.439692,23973431,5,0.27,7.0,1701465627439692
vla1,2023-12-01T21:20:36.666254,24153638,5,0.27,7.0,1701465636666254
vla1,2023-12-01T21:20:45.865990,24333320,5,0.27,7.0,1701465645865990
vla1,2023-12-01T21:20:55.383437,24519207,5,0.27,7.0,1701465655383437
vla1,2023-12-01T21:21:04.861670,24704329,5,0.27,7.0,1701465664861670
vla1,2023-12-01T21:21:14.331161,24889280,5,0.27,7.0,1701465674331161
vla1,2023-12-01T21:21:24.454726,25087006,5,0.27,7.0,1701465684454726
vla1,2023-12-01T21:21:33.275094,25259279,5,0.27,7.0,1701465693275094
vla1,2023-12-01T21:21:42.872669,25446732,5,0.27,7.0,1701465702872669
vla1,2023-12-01T21:21:52.052754,25626030,5,0.27,7.0,1701465712052754
vla1,2023-12-01T21:22:02.204896,25824314,5,0.27,7.0,1701465722204896
vla1,2023-12-01T21:22:12.009513,26015811,5,0.27,7.0,1701465732009513
vla1,2023-12-01T21:22:21.173004,26194785,5,0.27,7.0,1701465741173004
vla1,2023-12-01T21:22:30.770591,26382238,5,0.27,7.0,1701465750770591
vla1,2023-12-01T21:22:39.934587,26561222,5,0.27,7.0,1701465759934587
vla1,2023-12-01T21:22:49.730383,26752546,5,0.27,7.0,1701465769730383
vla1,2023-12-01T21:22:58.983682,26933275,5,0.27,7.0,1701465778983682
vla1,2023-12-01T21:23:08.233634,27113938,5,0.27,7.0,1701465788233634
vla1,2023-12-01T21:23:17.808805,27300953,5,0.27,7.0,1701465797808805
vla1,2023-12-01T21:23:26.865187,27477835,5,0.27,7.0,1701465806865187
vla1,2023-12-01T21:23:36.182344,27659811,5,0.27,7.0,1701465816182344
vla1,2023-12-01T21:23:46.314915,27857713,5,0.27,7.0,1701465826314915
vla1,2023-12-01T21:23:56.825642,28063001,5,0.27,7.0,1701465836825642
vla1,2023-12-01T21:24:06.389348,28249792,5,0.27,7.0,1701465846389348
vla1,2023-12-01T21:25:12.919647,29549212,5,0.27,7.0,1701465912919647
vla1,2023-12-01T21:25:22.044304,29727428,5,0.27,7.0,1701465922044304
vla1,2023-12-01T21:25:33.003760,29941479,5,0.27,7.0,1701465933003760
vla1,2023-12-01T21:25:42.079675,30118743,5,0.27,7.0,1701465942079675
vla1,2023-12-01T21:25:51.560199,30303910,5,0.27,7.0,1701465951560199
vla1,2023-12-01T21:26:01.152536,30491260,5,0.27,7.0,1701465961152536
vla1,2023-12-01T21:26:11.764860,30698532,5,0.27,7.0,1701465971764860
vla1,2023-12-01T21:26:21.483299,30888345,5,0.27,7.0,1701465981483299
vla1,2023-12-01T21:26:30.980669,31073841,5,0.27,7.0,1701465990980669
vla1,2023-12-01T21:26:40.294277,31255747,5,0.27,7.0,1701466000294277
vla1,2023-12-01T21:28:25.410375,33308796,5,0.27,7.0,1701466105410375
vla1,2023-12-01T21:28:35.661969,33509023,5,0.27,7.0,1701466115661969
vla1,2023-12-01T21:28:44.915990,33689765,5,0.27,7.0,1701466124915990
vla1,2023-12-01T21:28:53.713253,33861587,5,0.27,7.0,1701466133713253
vla1,2023-12-01T21:29:03.292039,34048672,5,0.27,7.0,1701466143292039
vla1,2023-12-01T21:29:12.335792,34225308,5,0.27,7.0,1701466152335792
vla1,2023-12-01T21:29:21.628621,34406809,5,0.27,7.0,1701466161628621
vla1,2023-12-01T21:29:31.413501,34597920,5,0.27,7.0,1701466171413501
vla1,2023-12-01T21:29:41.038083,34785900,5,0.27,7.0,1701466181038083
vla1,2023-12-01T21:29:51.279113,34985920,5,0.27,7.0,1701466191279113
vla1,2023-12-01T21:30:00.547966,35166952,5,0.27,7.0,1701466200547966
vla1,2023-12-01T21:30:09.858773,35348804,5,0.27,7.0,1701466209858773
vla1,2023-12-01T21:30:20.262483,35552001,5,0.27,7.0,1701466220262483
vla1,2023-12-01T21:30:29.510251,35732622,5,0.27,7.0,1701466229510251
vla1,2023-12-01T21:30:38.850810,35915055,5,0.27,7.0,1701466238850810
vla1,2023-12-01T21:30:48.441878,36102380,5,0.27,7.0,1701466248441878
vla1,2023-12-01T21:30:57.568635,36280637,5,0.27,7.0,1701466257568635
vla1,2023-12-01T21:31:07.296795,36470640,5,0.27,7.0,1701466267296795
vla1,2023-12-01T21:31:16.430861,36649040,5,0.27,7.0,1701466276430861
vla1,2023-12-01T21:31:26.122328,36838326,5,0.27,7.0,1701466286122328
vla1,2023-12-01T21:31:35.676274,37024927,5,0.27,7.0,1701466295676274
vla1,2023-12-01T21:31:45.146846,37209899,5,0.27,7.0,1701466305146846
vla1,2023-12-01T21:31:55.412595,37410402,5,0.27,7.0,1701466315412595
vla1,2023-12-01T21:32:05.703264,37611392,5,0.27,7.0,1701466325703264
vla1,2023-12-01T21:32:14.553027,37784239,5,0.27,7.0,1701466334553027
vla1,2023-12-01T21:32:23.506965,37959120,5,0.27,7.0,1701466343506965
vla1,2023-12-01T21:32:33.161335,38147682,5,0.27,7.0,1701466353161335
vla1,2023-12-01T21:32:42.518154,38330432,5,0.27,7.0,1701466362518154
vla1,2023-12-01T21:32:52.110211,38517777,5,0.27,7.0,1701466372110211
vla1,2023-12-01T21:33:01.695321,38704986,5,0.27,7.0,1701466381695321
vla1,2023-12-01T21:33:11.477322,38896041,5,0.27,7.0,1701466391477322
vla1,2023-12-01T21:33:20.974566,39081534,5,0.27,7.0,1701466400974566
vla1,2023-12-01T21:33:30.545926,39268475,5,0.27,7.0,1701466410545926
vla1,2023-12-01T21:34:45.251809,40727574,5,0.27,7.0,1701466485251809
vla1,2023-12-01T21:34:54.951677,40917025,5,0.27,7.0,1701466494951677
vla1,2023-12-01T21:35:03.982435,41093407,5,0.27,7.0,1701466503982435
vla1,2023-12-01T21:35:13.768912,41284549,5,0.27,7.0,1701466513768912
vla1,2023-12-01T21:35:23.002676,41464896,5,0.27,7.0,1701466523002676
vla1,2023-12-01T21:35:31.855279,41637798,5,0.27,7.0,1701466531855279
vla1,2023-12-01T21:35:41.386171,41823948,5,0.27,7.0,1701466541386171
vla1,2023-12-01T21:35:51.255565,42016710,5,0.27,7.0,1701466551255565
vla1,2023-12-01T21:36:01.892746,42224467,5,0.27,7.0,1701466561892746
vla1,2023-12-01T21:36:11.481809,42411754,5,0.27,7.0,1701466571481809
vla1,2023-12-01T21:36:20.743085,42592638,5,0.27,7.0,1701466580743085
vla1,2023-12-01T21:36:31.476721,42802279,5,0.27,7.0,1701466591476721
vla1,2023-12-01T21:36:40.891883,42986169,5,0.27,7.0,1701466600891883
vla1,2023-12-01T21:36:50.312456,43170165,5,0.27,7.0,1701466610312456
vla1,2023-12-01T21:36:59.815566,43355773,5,0.27,7.0,1701466619815566
vla1,2023-12-01T21:37:09.254685,43540130,5,0.27,7.0,1701466629254685
vla1,2023-12-01T21:37:18.885530,43728233,5,0.27,7.0,1701466638885530
vla1,2023-12-01T21:37:28.619389,43918347,5,0.27,7.0,1701466648619389
vla1,2023-12-01T21:37:37.951894,44100623,5,0.27,7.0,1701466657951894
vla1,2023-12-01T21:37:48.601991,44308632,5,0.27,7.0,1701466668601991
vla1,2023-12-01T21:37:58.122014,44494570,5,0.27,7.0,1701466678122014
vla1,2023-12-01T21:38:07.688630,44681418,5,0.27,7.0,1701466687688630
vla1,2023-12-01T21:38:17.034899,44863963,5,0.27,7.0,1701466697034899
vla1,2023-12-01T21:38:26.140047,45041798,5,0.27,7.0,1701466706140047
vla1,2023-12-01T21:38:35.597847,45226520,5,0.27,7.0,1701466715597847
vla1,2023-12-01T21:38:44.848888,45407205,5,0.27,7.0,1701466724848888
vla1,2023-12-01T21:38:54.348529,45592744,5,0.27,7.0,1701466734348529
vla1,2023-12-01T21:39:05.083140,45802405,5,0.27,7.0,1701466745083140
vla1,2023-12-01T21:39:15.266072,46001290,5,0.27,7.0,1701466755266072
vla1,2023-12-01T21:39:24.806859,46187634,5,0.27,7.0,1701466764806859
vla1,2023-12-01T21:39:34.543471,46377802,5,0.27,7.0,1701466774543471
vla1,2023-12-01T21:39:44.776852,46577673,5,0.27,7.0,1701466784776852
vla1,2023-12-01T21:39:54.526028,46768086,5,0.27,7.0,1701466794526028
vla1,2023-12-01T21:40:03.843616,46950070,5,0.27,7.0,1701466803843616
vla1,2023-12-01T21:40:14.621371,47160573,5,0.27,7.0,1701466814621371
vla1,2023-12-01T21:40:24.001331,47343776,5,0.27,7.0,1701466824001331
vla1,2023-12-01T21:40:33.366936,47526698,5,0.27,7.0,1701466833366936
vla1,2023-12-01T21:40:43.226347,47719264,5,0.27,7.0,1701466843226347
vla1,2023-12-01T21:40:53.086265,47911841,5,0.27,7.0,1701466853086265
vla1,2023-12-01T21:42:47.688586,50150167,5,0.27,7.0,1701466967688586
vla1,2023-12-01T21:42:56.900848,50330094,5,0.27,7.0,1701466976900848
vla1,2023-12-01T21:43:06.314180,50513949,5,0.27,7.0,1701466986314180
vla1,2023-12-01T21:43:16.401491,50710966,5,0.27,7.0,1701466996401491
vla1,2023-12-01T21:43:25.970804,50897867,5,0.27,7.0,1701467005970804
vla1,2023-12-01T21:43:35.845356,51090729,5,0.27,7.0,1701467015845356
vla1,2023-12-01T21:43:46.382358,51296530,5,0.27,7.0,1701467026382358
vla1,2023-12-01T21:43:56.209002,51488457,5,0.27,7.0,1701467036209002
vla1,2023-12-01T21:44:05.504399,51670008,5,0.27,7.0,1701467045504399
vla1,2023-12-01T22:15:08.682813,88060211,5,0.27,7.0,1701468908682813
vla1,2023-12-01T22:15:18.086056,88243868,5,0.27,7.0,1701468918086056
vla1,2023-12-01T22:15:27.597099,88429631,5,0.27,7.0,1701468927597099
vla1,2023-12-01T22:15:36.882020,88610977,5,0.27,7.0,1701468936882020
vla1,2023-12-01T22:15:46.437025,88797598,5,0.27,7.0,1701468946437025
vla1,2023-12-01T22:15:56.128186,88986878,5,0.27,7.0,1701468956128186
vla1,2023-12-01T22:16:05.973756,89179175,5,0.27,7.0,1701468965973756
vla1,2023-12-01T22:16:15.546379,89366140,5,0.27,7.0,1701468975546379
vla1,2023-12-01T22:16:26.648875,89582986,5,0.27,7.0,1701468986648875
vla1,2023-12-01T22:16:37.078828,89786696,5,0.27,7.0,1701468997078828
vla1,2023-12-01T22:16:46.562211,89971918,5,0.27,7.0,1701469006562211
vla1,2023-12-01T22:16:55.698789,90150367,5,0.27,7.0,1701469015698789
vla1,2023-12-01T22:17:04.928261,90330630,5,0.27,7.0,1701469024928261
vla1,2023-12-01T22:17:14.190419,90511531,5,0.27,7.0,1701469034190419
vla1,2023-12-01T22:17:24.153889,90706130,5,0.27,7.0,1701469044153889
vla1,2023-12-01T22:17:33.768873,90893923,5,0.27,7.0,1701469053768873
vla1,2023-12-01T22:17:43.059361,91075378,5,0.27,7.0,1701469063059361
vla1,2023-12-01T22:17:53.321883,91275818,5,0.27,7.0,1701469073321883
vla1,2023-12-01T22:18:03.518668,91474974,5,0.27,7.0,1701469083518668
vla1,2023-12-01T22:18:13.565570,91671202,5,0.27,7.0,1701469093565570
vla1,2023-12-01T22:18:22.773348,91851042,5,0.27,7.0,1701469102773348
vla1,2023-12-01T22:18:32.116838,92033532,5,0.27,7.0,1701469112116838
vla1,2023-12-01T22:18:41.817204,92222992,5,0.27,7.0,1701469121817204
vla1,2023-12-01T22:18:51.075576,92403820,5,0.27,7.0,1701469131075576
vla1,2023-12-01T22:19:00.565799,92589175,5,0.27,7.0,1701469140565799
vla1,2023-12-01T22:19:10.243985,92778203,5,0.27,7.0,1701469150243985
vla1,2023-12-01T22:19:19.429769,92957612,5,0.27,7.0,1701469159429769
vla1,2023-12-01T22:19:29.745620,93159094,5,0.27,7.0,1701469169745620
vla1,2023-12-01T22:19:39.356004,93346797,5,0.27,7.0,1701469179356004
vla1,2023-12-01T22:19:48.667126,93528655,5,0.27,7.0,1701469188667126
vla1,2023-12-01T22:19:58.598314,93722623,5,0.27,7.0,1701469198598314
vla1,2023-12-01T22:20:07.921000,93904707,5,0.27,7.0,1701469207921000
vla1,2023-12-01T22:20:17.145728,94084877,5,0.27,7.0,1701469217145728
vla1,2023-12-01T22:20:26.790037,94273243,5,0.27,7.0,1701469226790037
vla1,2023-12-01T22:20:36.554540,94463956,5,0.27,7.0,1701469236554540
vla1,2023-12-01T22:20:45.969007,94647832,5,0.27,7.0,1701469245969007
vla1,2023-12-01T22:20:55.577684,94835501,5,0.27,7.0,1701469255577684
vla1,2023-12-01T22:21:04.764542,95014932,5,0.27,7.0,1701469264764542
vla1,2023-12-01T22:21:14.640283,95207818,5,0.27,7.0,1701469274640283
vla1,2023-12-01T22:21:23.728075,95385314,5,0.27,7.0,1701469283728075
vla1,2023-12-01T22:23:49.057999,98223789,5,0.27,7.0,1701469429057999
vla1,2023-12-01T22:23:57.710762,98392788,5,0.27,7.0,1701469437710762
vla1,2023-12-01T22:24:08.020884,98594158,5,0.27,7.0,1701469448020884
vla1,2023-12-01T22:24:17.532501,98779931,5,0.27,7.0,1701469457532501
vla1,2023-12-01T22:24:27.346569,98971612,5,0.27,7.0,1701469467346569
vla1,2023-12-01T22:24:38.031283,99180298,5,0.27,7.0,1701469478031283
vla1,2023-12-01T22:24:47.824139,99371565,5,0.27,7.0,1701469487824139
vla1,2023-12-01T22:24:57.506085,99560665,5,0.27,7.0,1701469497506085
vla1,2023-12-01T22:25:06.687193,99739984,5,0.27,7.0,1701469506687193
vla1,2023-12-01T22:25:16.520375,99932038,5,0.27,7.0,1701469516520375
vla1,2023-12-01T22:25:27.027978,100137265,5,0.27,7.0,1701469527027978
vla1,2023-12-01T22:25:36.663286,100325455,5,0.27,7.0,1701469536663286
vla1,2023-12-01T22:25:46.700121,100521486,5,0.27,7.0,1701469546700121
vla1,2023-12-01T22:25:56.238618,100707785,5,0.27,7.0,1701469556238618
vla1,2023-12-01T22:26:05.386990,100886464,5,0.27,7.0,1701469565386990
vla1,2023-12-01T22:26:14.590740,101066225,5,0.27,7.0,1701469574590740
vla1,2023-12-01T22:26:24.214758,101254194,5,0.27,7.0,1701469584214758
vla1,2023-12-01T22:26:33.854691,101442474,5,0.27,7.0,1701469593854691
vla1,2023-12-01T22:26:43.828550,101637276,5,0.27,7.0,1701469603828550
vla1,2023-12-01T22:26:53.740561,101830870,5,0.27,7.0,1701469613740561
vla1,2023-12-01T22:27:03.456833,102020641,5,0.27,7.0,1701469623456833
vla1,2023-12-01T22:27:13.539573,102217570,5,0.27,7.0,1701469633539573
vla1,2023-12-01T22:27:23.064710,102403607,5,0.27,7.0,1701469643064710
vla1,2023-12-01T22:27:32.309622,102584172,5,0.27,7.0,1701469652309622
vla1,2023-12-01T22:27:41.858135,102770666,5,0.27,7.0,1701469661858135
vla1,2023-12-01T22:27:51.145262,102952056,5,0.27,7.0,1701469671145262
vla1,2023-12-01T22:28:00.936485,103143290,5,0.27,7.0,1701469680936485
vla1,2023-12-01T22:28:10.342203,103326996,5,0.27,7.0,1701469690342203
vla1,2023-12-01T22:28:19.832041,103512344,5,0.27,7.0,1701469699832041
vla1,2023-12-01T22:28:29.722148,103705510,5,0.27,7.0,1701469709722148
vla1,2023-12-01T22:28:39.408009,103894687,5,0.27,7.0,1701469719408009
vla1,2023-12-01T22:28:48.910979,104080292,5,0.27,7.0,1701469728910979
vla1,2023-12-01T22:28:58.641661,104270345,5,0.27,7.0,1701469738641661
vla1,2023-12-01T22:29:08.251096,104458029,5,0.27,7.0,1701469748251096
vla1,2023-12-01T22:29:17.690891,104642400,5,0.27,7.0,1701469757690891
vla1,2023-12-01T22:29:27.827103,104840373,5,0.27,7.0,1701469767827103
vla1,2023-12-01T22:29:37.548876,105030251,5,0.27,7.0,1701469777548876
vla1,2023-12-01T22:29:47.697084,105228458,5,0.27,7.0,1701469787697084
vla1,2023-12-01T22:29:57.893972,105427616,5,0.27,7.0,1701469797893972
vla1,2023-12-01T22:30:06.907486,105603662,5,0.27,7.0,1701469806907486
vla1,2023-12-01T22:32:21.156581,108225714,5,0.27,7.0,1701469941156581
vla1,2023-12-01T22:32:30.631821,108410777,5,0.27,7.0,1701469950631821
vla1,2023-12-01T22:32:40.847721,108610307,5,0.27,7.0,1701469960847721
vla1,2023-12-01T22:32:50.184045,108792657,5,0.27,7.0,1701469970184045
vla1,2023-12-01T22:32:59.804973,108980566,5,0.27,7.0,1701469979804973
vla1,2023-12-01T22:33:09.137216,109162836,5,0.27,7.0,1701469989137216
vla1,2023-12-01T22:33:18.582381,109347312,5,0.27,7.0,1701469998582381
vla1,2023-12-01T22:33:27.940876,109530095,5,0.27,7.0,1701470007940876
vla1,2023-12-01T22:33:37.175050,109710450,5,0.27,7.0,1701470017175050
vla1,2023-12-01T22:33:46.849849,109899411,5,0.27,7.0,1701470026849849
vla1,2023-12-01T22:33:56.196160,110081956,5,0.27,7.0,1701470036196160
vla1,2023-12-01T22:34:05.981969,110273085,5,0.27,7.0,1701470045981969
vla1,2023-12-01T22:34:15.455164,110458108,5,0.27,7.0,1701470055455164
vla1,2023-12-01T22:34:25.603125,110656311,5,0.27,7.0,1701470065603125
vla1,2023-12-01T22:34:35.054259,110840903,5,0.27,7.0,1701470075054259
vla1,2023-12-01T22:34:44.710267,111029497,5,0.27,7.0,1701470084710267
vla1,2023-12-01T22:34:54.389970,111218554,5,0.27,7.0,1701470094389970
vla1,2023-12-01T22:35:03.807934,111402498,5,0.27,7.0,1701470103807934
vla1,2023-12-01T22:35:13.451845,111590856,5,0.27,7.0,1701470113451845
vla1,2023-12-01T22:35:23.052813,111778375,5,0.27,7.0,1701470123052813
vla1,2023-12-01T22:35:32.321307,111959400,5,0.27,7.0,1701470132321307
vla1,2023-12-01T22:35:41.749751,112143550,5,0.27,7.0,1701470141749751
vla1,2023-12-01T22:35:51.027146,112324749,5,0.27,7.0,1701470151027146
vla1,2023-12-01T22:36:00.257412,112505027,5,0.27,7.0,1701470160257412
vla1,2023-12-01T22:36:10.008178,112695472,5,0.27,7.0,1701470170008178
vla1,2023-12-01T22:36:19.295283,112876861,5,0.27,7.0,1701470179295283
vla1,2023-12-01T22:36:28.810377,113062702,5,0.27,7.0,1701470188810377
vla1,2023-12-01T22:36:38.222168,113246526,5,0.27,7.0,1701470198222168
vla1,2023-12-01T22:36:47.751406,113432644,5,0.27,7.0,1701470207751406
vla1,2023-12-01T22:36:57.129540,113615811,5,0.27,7.0,1701470217129540
vla1,2023-12-01T22:37:07.385592,113816125,5,0.27,7.0,1701470227385592
vla1,2023-12-01T22:37:16.650004,113997070,5,0.27,7.0,1701470236650004
vla1,2023-12-01T22:37:26.514684,114189740,5,0.27,7.0,1701470246514684
vla1,2023-12-01T22:37:36.414792,114383101,5,0.27,7.0,1701470256414792
vla1,2023-12-01T22:37:46.608246,114582192,5,0.27,7.0,1701470266608246
vla1,2023-12-01T22:37:57.271473,114790458,5,0.27,7.0,1701470277271473
vla1,2023-12-01T22:38:06.833160,114977210,5,0.27,7.0,1701470286833160
vla1,2023-12-01T22:38:16.136695,115158920,5,0.27,7.0,1701470296136695
vla1,2023-12-01T22:38:25.729515,115346279,5,0.27,7.0,1701470305729515
vla1,2023-12-01T22:38:35.082352,115528952,5,0.27,7.0,1701470315082352
vla1,2023-12-01T22:38:44.395000,115710840,5,0.27,7.0,1701470324395000
vla1,2023-12-01T22:38:54.639918,115910936,5,0.27,7.0,1701470334639918
vla1,2023-12-01T22:39:05.369396,116120496,5,0.27,7.0,1701470345369396
vla1,2023-12-01T22:39:14.815875,116304997,5,0.27,7.0,1701470354815875
vla1,2023-12-01T22:39:24.134520,116487002,5,0.27,7.0,1701470364134520
vla1,2023-12-01T22:39:33.337983,116666757,5,0.27,7.0,1701470373337983
vla1,2023-12-01T22:39:42.664567,116848917,5,0.27,7.0,1701470382664567
vla1,2023-12-01T22:39:51.998414,117031219,5,0.27,7.0,1701470391998414
vla1,2023-12-01T22:40:01.413499,117215107,5,0.27,7.0,1701470401413499
vla1,2023-12-01T22:40:11.455277,117411236,5,0.27,7.0,1701470411455277
vla1,2023-12-01T22:40:20.915332,117596002,5,0.27,7.0,1701470420915332
vla1,2023-12-01T22:42:37.359562,120260929,5,0.27,7.0,1701470557359562
vla1,2023-12-01T22:42:46.696561,120443292,5,0.27,7.0,1701470566696561
vla1,2023-12-01T22:42:56.092344,120626803,5,0.27,7.0,1701470576092344
vla1,2023-12-01T22:43:05.537179,120811273,5,0.27,7.0,1701470585537179
vla1,2023-12-01T22:43:15.307559,121002100,5,0.27,7.0,1701470595307559
vla1,2023-12-01T22:43:24.920040,121189844,5,0.27,7.0,1701470604920040
vla1,2023-12-01T22:43:34.643416,121379754,5,0.27,7.0,1701470614643416
vla1,2023-12-01T22:43:44.087299,121564205,5,0.27,7.0,1701470624087299
vla1,2023-12-01T22:43:53.260840,121743376,5,0.27,7.0,1701470633260840
vla1,2023-12-01T22:44:02.722380,121928171,5,0.27,7.0,1701470642722380
vla1,2023-12-01T22:44:12.305121,122115334,5,0.27,7.0,1701470652305121
vla1,2023-12-01T22:44:21.902275,122302779,5,0.27,7.0,1701470661902275
vla1,2023-12-01T22:44:31.351092,122487326,5,0.27,7.0,1701470671351092
vla1,2023-12-01T22:44:41.194796,122679586,5,0.27,7.0,1701470681194796
vla1,2023-12-01T22:44:50.612947,122863534,5,0.27,7.0,1701470690612947
vla2,2023-12-01T21:00:03.377076,65959,5,0.24,7.0,1701464403377076
vla2,2023-12-01T21:00:13.097518,255811,5,0.24,7.0,1701464413097518
vla2,2023-12-01T21:00:22.329861,436130,5,0.24,7.0,1701464422329861
vla2,2023-12-01T21:00:32.233060,629552,5,0.24,7.0,1701464432233060
vla2,2023-12-01T21:00:41.636546,813214,5,0.24,7.0,1701464441636546
vla2,2023-12-01T21:00:51.083888,997732,5,0.24,7.0,1701464451083888
vla2,2023-12-01T21:01:01.182573,1194972,5,0.24,7.0,1701464461182573
vla2,2023-12-01T21:01:10.732866,1381501,5,0.24,7.0,1701464470732866
vla2,2023-12-01T21:01:20.183516,1566084,5,0.24,7.0,1701464480183516
vla2,2023-12-01T21:01:29.854999,1754980,5,0.24,7.0,1701464489854999
vla2,2023-12-01T21:01:40.434331,1961608,5,0.24,7.0,1701464500434331
vla2,2023-12-01T21:01:50.146398,2151297,5,0.24,7.0,1701464510146398
vla2,2023-12-01T21:01:59.610869,2336150,5,0.24,7.0,1701464519610869
vla2,2023-12-01T21:02:09.398505,2527315,5,0.24,7.0,1701464529398505
vla2,2023-12-01T21:02:18.858750,2712085,5,0.24,7.0,1701464538858750
vla2,2023-12-01T21:02:28.457176,2899554,5,0.24,7.0,1701464548457176
vla2,2023-12-01T21:02:39.189230,3109165,5,0.24,7.0,1701464559189230
vla2,2023-12-01T21:02:49.001717,3300815,5,0.24,7.0,1701464569001717
vla2,2023-12-01T21:02:58.955900,3495232,5,0.24,7.0,1701464578955900
vla2,2023-12-01T21:03:08.186770,3675523,5,0.24,7.0,1701464588186770
vla2,2023-12-01T21:03:17.786811,3863024,5,0.24,7.0,1701464597786811
vla2,2023-12-01T21:03:27.073007,4044395,5,0.24,7.0,1701464607073007
vla2,2023-12-01T21:03:36.414911,4226854,5,0.24,7.0,1701464616414911
vla2,2023-12-01T21:03:46.127894,4416560,5,0.24,7.0,1701464626127894
vla2,2023-12-01T21:03:56.981213,4628539,5,0.24,7.0,1701464636981213
vla2,2023-12-01T21:04:06.625755,4816909,5,0.24,7.0,1701464646625755
vla2,2023-12-01T21:04:16.127492,5002490,5,0.24,7.0,1701464656127492
vla2,2023-12-01T21:05:47.378671,6784740,5,0.24,7.0,1701464747378671
vla2,2023-12-01T21:05:57.564350,6983679,5,0.24,7.0,1701464757564350
vla2,2023-12-01T21:06:06.127430,7150926,5,0.24,7.0,1701464766127430
vla2,2023-12-01T21:06:17.690758,7376773,5,0.24,7.0,1701464777690758
vla2,2023-12-01T21:06:27.421661,7566829,5,0.24,7.0,1701464787421661
vla2,2023-12-01T21:06:37.877514,7771045,5,0.24,7.0,1701464797877514
vla2,2023-12-01T21:06:47.122508,7951611,5,0.24,7.0,1701464807122508
vla2,2023-12-01T21:06:56.507873,8134919,5,0.24,7.0,1701464816507873
vla2,2023-12-01T21:07:31.750894,8823260,5,0.24,7.0,1701464851750894
vla2,2023-12-01T21:07:41.233596,9008469,5,0.24,7.0,1701464861233596
vla2,2023-12-01T21:07:50.488844,9189235,5,0.24,7.0,1701464870488844
vla2,2023-12-01T21:08:00.445063,9383693,5,0.24,7.0,1701464880445063
vla2,2023-12-01T21:08:09.723876,9564919,5,0.24,7.0,1701464889723876
vla2,2023-12-01T21:08:18.964208,9745395,5,0.24,7.0,1701464898964208
vla2,2023-12-01T21:08:29.815042,9957325,5,0.24,7.0,1701464909815042
vla2,2023-12-01T21:08:40.205352,10160261,5,0.24,7.0,1701464920205352
vla2,2023-12-01T21:08:49.623853,10344216,5,0.24,7.0,1701464929623853
vla2,2023-12-01T21:08:59.452819,10536188,5,0.24,7.0,1701464939452819
vla2,2023-12-01T21:09:08.774544,10718253,5,0.24,7.0,1701464948774544
vla2,2023-12-01T21:09:19.478877,10927322,5,0.24,7.0,1701464959478877
vla2,2023-12-01T21:09:29.133720,11115893,5,0.24,7.0,1701464969133720
vla2,2023-12-01T21:09:38.356398,11296023,5,0.24,7.0,1701464978356398
vla2,2023-12-01T21:09:47.920625,11482825,5,0.24,7.0,1701464987920625
vla2,2023-12-01T21:09:58.407054,11687638,5,0.24,7.0,1701464998407054
vla2,2023-12-01T21:10:07.702590,11869191,5,0.24,7.0,1701465007702590
vla2,2023-12-01T21:10:17.551824,12061559,5,0.24,7.0,1701465017551824
vla2,2023-12-01T21:10:59.320859,12877361,5,0.24,7.0,1701465059320859
vla2,2023-12-01T21:12:02.316249,14107739,5,0.24,7.0,1701465122316249
vla2,2023-12-01T21:12:11.631475,14289677,5,0.24,7.0,1701465131631475
vla2,2023-12-01T21:12:22.540965,14502753,5,0.24,7.0,1701465142540965
vla2,2023-12-01T21:12:31.754343,14682702,5,0.24,7.0,1701465151754343
vla2,2023-12-01T21:12:41.406544,14871222,5,0.24,7.0,1701465161406544
vla2,2023-12-01T21:12:51.102209,15060590,5,0.24,7.0,1701465171102209
vla2,2023-12-01T21:13:00.780927,15249627,5,0.24,7.0,1701465180780927
vla2,2023-12-01T21:13:10.232136,15434221,5,0.24,7.0,1701465190232136
vla2,2023-12-01T21:13:20.315627,15631165,5,0.24,7.0,1701465200315627
vla2,2023-12-01T21:13:29.891234,15818188,5,0.24,7.0,1701465209891234
vla2,2023-12-01T21:13:39.016053,15996407,5,0.24,7.0,1701465219016053
vla2,2023-12-01T21:13:48.444381,16180554,5,0.24,7.0,1701465228444381
vla2,2023-12-01T21:13:57.589084,16359162,5,0.24,7.0,1701465237589084
vla2,2023-12-01T21:14:07.690563,16556456,5,0.24,7.0,1701465247690563
vla2,2023-12-01T21:14:18.213364,16761980,5,0.24,7.0,1701465258213364
vla2,2023-12-01T21:14:27.632733,16945952,5,0.24,7.0,1701465267632733
vla2,2023-12-01T21:14:37.594864,17140525,5,0.24,7.0,1701465277594864
vla2,2023-12-01T21:14:46.582072,17316056,5,0.24,7.0,1701465286582072
vla2,2023-12-01T21:14:56.228344,17504460,5,0.24,7.0,1701465296228344
vla2,2023-12-01T21:15:05.567794,17686871,5,0.24,7.0,1701465305567794
vla2,2023-12-01T21:15:14.934937,17869823,5,0.24,7.0,1701465314934937
vla2,2023-12-01T21:15:24.997573,18066359,5,0.24,7.0,1701465324997573
vla2,2023-12-01T21:15:34.594878,18253806,5,0.24,7.0,1701465334594878
vla2,2023-12-01T21:15:43.696420,18431571,5,0.24,7.0,1701465343696420
vla2,2023-12-01T21:15:52.949091,18612287,5,0.24,7.0,1701465352949091
vla2,2023-12-01T21:16:02.409168,18797054,5,0.24,7.0,1701465362409168
vla2,2023-12-01T21:16:11.835888,18981170,5,0.24,7.0,1701465371835888
vla2,2023-12-01T21:16:21.340289,19166803,5,0.24,7.0,1701465381340289
vla2,2023-12-01T21:16:31.816366,19371413,5,0.24,7.0,1701465391816366
vla2,2023-12-01T21:16:40.790991,19546699,5,0.24,7.0,1701465400790991
vla2,2023-12-01T21:16:50.398308,19734342,5,0.24,7.0,1701465410398308
vla2,2023-12-01T21:16:59.862074,19919181,5,0.24,7.0,1701465419862074
vla2,2023-12-01T21:17:08.840057,20094532,5,0.24,7.0,1701465428840057
vla2,2023-12-01T21:17:17.993555,20273312,5,0.24,7.0,1701465437993555
vla2,2023-12-01T21:17:27.669364,20462292,5,0.24,7.0,1701465447669364
vla2,2023-12-01T21:17:38.097884,20665974,5,0.24,7.0,1701465458097884
vla2,2023-12-01T21:17:48.881967,20876601,5,0.24,7.0,1701465468881967
vla2,2023-12-01T21:17:58.772102,21069768,5,0.24,7.0,1701465478772102
vla2,2023-12-01T21:18:08.443649,21258665,5,0.24,7.0,1701465488443649
vla2,2023-12-01T21:18:17.923466,21443818,5,0.24,7.0,1701465497923466
vla2,2023-12-01T21:20:07.519558,23584366,5,0.24,7.0,1701465607519558
vla2,2023-12-01T21:20:18.018465,23789423,5,0.24,7.0,1701465618018465
vla2,2023-12-01T21:20:27.858429,23981610,5,0.24,7.0,1701465627858429
vla2,2023-12-01T21:20:37.097120,24162053,5,0.24,7.0,1701465637097120
vla2,2023-12-01T21:20:46.283558,24341476,5,0.24,7.0,1701465646283558
vla2,2023-12-01T21:20:55.805211,24527446,5,0.24,7.0,1701465655805211
vla2,2023-12-01T21:21:05.275978,24712421,5,0.24,7.0,1701465665275978
vla2,2023-12-01T21:21:14.746718,24897397,5,0.24,7.0,1701465674746718
vla2,2023-12-01T21:21:24.827970,25094296,5,0.24,7.0,1701465684827970
vla2,2023-12-01T21:21:33.656702,25266732,5,0.24,7.0,1701465693656702
vla2,2023-12-01T21:21:43.231093,25453732,5,0.24,7.0,1701465703231093
vla2,2023-12-01T21:21:52.439001,25633574,5,0.24,7.0,1701465712439001
vla2,2023-12-01T21:22:02.573620,25831516,5,0.24,7.0,1701465722573620
vla2,2023-12-01T21:22:12.346310,26022389,5,0.24,7.0,1701465732346310
vla2,2023-12-01T21:22:21.518214,26201528,5,0.24,7.0,1701465741518214
vla2,2023-12-01T21:22:31.110519,26388877,5,0.24,7.0,1701465751110519
vla2,2023-12-01T21:22:40.296586,26568293,5,0.24,7.0,1701465760296586
vla2,2023-12-01T21:22:50.036445,26758524,5,0.24,7.0,1701465770036445
vla2,2023-12-01T21:22:59.317043,26939786,5,0.24,7.0,1701465779317043
vla2,2023-12-01T21:23:08.555445,27120224,5,0.24,7.0,1701465788555445
vla2,2023-12-01T21:23:18.124697,27307123,5,0.24,7.0,1701465798124697
vla2,2023-12-01T21:23:27.244863,27485251,5,0.24,7.0,1701465807244863
vla2,2023-12-01T21:23:36.537744,27666753,5,0.24,7.0,1701465816537744
vla2,2023-12-01T21:23:46.643029,27864122,5,0.24,7.0,1701465826643029
vla2,2023-12-01T21:23:57.156755,28069468,5,0.24,7.0,1701465837156755
vla2,2023-12-01T21:24:06.720100,28256252,5,0.24,7.0,1701465846720100
vla2,2023-12-01T21:25:22.367651,29733743,5,0.24,7.0,1701465922367651
vla2,2023-12-01T21:25:33.309821,29947457,5,0.24,7.0,1701465933309821
vla2,2023-12-01T21:25:42.407077,30125138,5,0.24,7.0,1701465942407077
vla2,2023-12-01T21:25:51.882749,30310210,5,0.24,7.0,1701465951882749
vla2,2023-12-01T21:26:01.480696,30497670,5,0.24,7.0,1701465961480696
vla2,2023-12-01T21:26:12.054104,30704182,5,0.24,7.0,1701465972054104
vla2,2023-12-01T21:26:21.769590,30893937,5,0.24,7.0,1701465981769590
vla2,2023-12-01T21:26:31.260415,31079305,5,0.24,7.0,1701465991260415
vla2,2023-12-01T21:26:40.561632,31260969,5,0.24,7.0,1701466000561632
vla2,2023-12-01T21:28:25.685501,33314170,5,0.24,7.0,1701466105685501
vla2,2023-12-01T21:28:45.224683,33695795,5,0.24,7.0,1701466125224683
vla2,2023-12-01T21:28:54.017020,33867520,5,0.24,7.0,1701466134017020
vla2,2023-12-01T21:29:03.612781,34054937,5,0.24,7.0,1701466143612781
vla2,2023-12-01T21:29:12.648136,34231409,5,0.24,7.0,1701466152648136
vla2,2023-12-01T21:29:21.940514,34412901,5,0.24,7.0,1701466161940514
vla2,2023-12-01T21:29:31.702982,34603574,5,0.24,7.0,1701466171702982
vla2,2023-12-01T21:29:41.334761,34791695,5,0.24,7.0,1701466181334761
vla2,2023-12-01T21:29:51.562644,34991458,5,0.24,7.0,1701466191562644
vla2,2023-12-01T21:30:00.807799,35172027,5,0.24,7.0,1701466200807799
vla2,2023-12-01T21:30:10.140741,35354311,5,0.24,7.0,1701466210140741
vla2,2023-12-01T21:30:20.522555,35557081,5,0.24,7.0,1701466220522555
vla2,2023-12-01T21:30:29.799344,35738268,5,0.24,7.0,1701466229799344
vla2,2023-12-01T21:30:39.125299,35920416,5,0.24,7.0,1701466239125299
vla2,2023-12-01T21:30:48.692002,36107266,5,0.24,7.0,1701466248692002
vla2,2023-12-01T21:30:57.828599,36285715,5,0.24,7.0,1701466257828599
vla2,2023-12-01T21:31:07.532392,36475242,5,0.24,7.0,1701466267532392
vla2,2023-12-01T21:31:16.684151,36653987,5,0.24,7.0,1701466276684151
vla2,2023-12-01T21:31:26.368447,36843134,5,0.24,7.0,1701466286368447
vla2,2023-12-01T21:31:35.897395,37029246,5,0.24,7.0,1701466295897395
vla2,2023-12-01T21:31:45.344570,37213761,5,0.24,7.0,1701466305344570
vla2,2023-12-01T21:31:55.634482,37414736,5,0.24,7.0,1701466315634482
vla2,2023-12-01T21:32:05.957119,37616350,5,0.24,7.0,1701466325957119
vla2,2023-12-01T21:32:14.826580,37789582,5,0.24,7.0,1701466334826580
vla2,2023-12-01T21:32:23.793995,37964726,5,0.24,7.0,1701466343793995
vla2,2023-12-01T21:32:33.466972,38153652,5,0.24,7.0,1701466353466972
vla2,2023-12-01T21:32:42.834278,38336607,5,0.24,7.0,1701466362834278
vla2,2023-12-01T21:32:52.412316,38523678,5,0.24,7.0,1701466372412316
vla2,2023-12-01T21:33:11.812629,38902590,5,0.24,7.0,1701466391812629
vla2,2023-12-01T21:33:54.642370,39739109,5,0.24,7.0,1701466434642370
vla2,2023-12-01T21:34:11.673858,40071755,5,0.24,7.0,1701466451673858
vla2,2023-12-01T21:34:45.486368,40732156,5,0.24,7.0,1701466485486368
vla2,2023-12-01T21:34:55.166212,40921215,5,0.24,7.0,1701466495166212
vla2,2023-12-01T21:35:04.186401,41097391,5,0.24,7.0,1701466504186401
vla2,2023-12-01T21:35:14.000668,41289076,5,0.24,7.0,1701466514000668
vla2,2023-12-01T21:35:23.234525,41469424,5,0.24,7.0,1701466523234525
vla2,2023-12-01T21:35:32.078156,41642151,5,0.24,7.0,1701466532078156
vla2,2023-12-01T21:35:41.589574,41827921,5,0.24,7.0,1701466541589574
vla2,2023-12-01T21:35:51.465701,42020814,5,0.24,7.0,1701466551465701
vla2,2023-12-01T21:36:02.066120,42227854,5,0.24,7.0,1701466562066120
vla2,2023-12-01T21:36:11.647622,42414993,5,0.24,7.0,1701466571647622
vla2,2023-12-01T21:36:20.906405,42595828,5,0.24,7.0,1701466580906405
vla2,2023-12-01T21:36:31.640490,42805478,5,0.24,7.0,1701466591640490
vla2,2023-12-01T21:36:41.075440,42989755,5,0.24,7.0,1701466601075440
vla2,2023-12-01T21:36:50.484413,43173524,5,0.24,7.0,1701466610484413
vla2,2023-12-01T21:36:59.982964,43359042,5,0.24,7.0,1701466619982964
vla2,2023-12-01T21:37:09.422311,43543405,5,0.24,7.0,1701466629422311
vla2,2023-12-01T21:37:19.026634,43730989,5,0.24,7.0,1701466639026634
vla2,2023-12-01T21:37:28.721961,43920351,5,0.24,7.0,1701466648721961
vla2,2023-12-01T21:37:38.067499,44102881,5,0.24,7.0,1701466658067499
vla2,2023-12-01T21:37:48.740937,44311346,5,0.24,7.0,1701466668740937
vla2,2023-12-01T21:37:58.256447,44497196,5,0.24,7.0,1701466678256447
vla2,2023-12-01T21:38:07.796458,44683525,5,0.24,7.0,1701466687796458
vla2,2023-12-01T21:38:17.114677,44865521,5,0.24,7.0,1701466697114677
vla2,2023-12-01T21:38:26.259460,45044130,5,0.24,7.0,1701466706259460
vla2,2023-12-01T21:38:35.701024,45228536,5,0.24,7.0,1701466715701024
vla2,2023-12-01T21:38:44.939856,45408982,5,0.24,7.0,1701466724939856
vla2,2023-12-01T21:38:54.422434,45594188,5,0.24,7.0,1701466734422434
vla2,2023-12-01T21:39:05.148088,45803674,5,0.24,7.0,1701466745148088
vla2,2023-12-01T21:39:15.306585,46002082,5,0.24,7.0,1701466755306585
vla2,2023-12-01T21:39:24.859118,46188655,5,0.24,7.0,1701466764859118
vla2,2023-12-01T21:39:34.577981,46378476,5,0.24,7.0,1701466774577981
vla2,2023-12-01T21:39:44.824167,46578597,5,0.24,7.0,1701466784824167
vla2,2023-12-01T21:40:03.909624,46951360,5,0.24,7.0,1701466803909624
vla2,2023-12-01T21:40:14.677007,47161660,5,0.24,7.0,1701466814677007
vla2,2023-12-01T21:40:24.104351,47345788,5,0.24,7.0,1701466824104351
vla2,2023-12-01T21:40:33.474300,47528795,5,0.24,7.0,1701466833474300
vla2,2023-12-01T21:40:43.323036,47721153,5,0.24,7.0,1701466843323036
vla2,2023-12-01T21:41:39.274014,48813946,5,0.24,7.0,1701466899274014
vla2,2023-12-01T21:42:03.218657,49281614,5,0.24,7.0,1701466923218657
vla2,2023-12-01T21:43:06.558198,50518715,5,0.24,7.0,1701466986558198
vla2,2023-12-01T21:43:16.654623,50715911,5,0.24,7.0,1701466996654623
vla2,2023-12-01T21:43:26.249737,50903315,5,0.24,7.0,1701467006249737
vla2,2023-12-01T21:43:36.118644,51096067,5,0.24,7.0,1701467016118644
vla2,2023-12-01T21:43:46.671757,51302183,5,0.24,7.0,1701467026671757
vla2,2023-12-01T21:43:56.490243,51493950,5,0.24,7.0,1701467036490243
vla2,2023-12-01T21:44:05.805855,51675896,5,0.24,7.0,1701467045805855
vla2,2023-12-01T21:46:17.821166,54254320,5,0.24,7.0,1701467177821166
vla2,2023-12-01T21:46:25.149893,54397459,5,0.24,7.0,1701467185149893
vla2,2023-12-01T21:49:24.407461,57898583,5,0.24,7.0,1701467364407461
vla2,2023-12-01T21:50:16.471091,58915451,5,0.24,7.0,1701467416471091
vla2,2023-12-01T21:50:40.958534,59393721,5,0.24,7.0,1701467440958534
vla2,2023-12-01T21:50:52.694581,59622941,5,0.24,7.0,1701467452694581
vla2,2023-12-01T21:53:49.030622,63067004,5,0.24,7.0,1701467629030622
vla2,2023-12-01T21:57:45.357922,67682772,5,0.24,7.0,1701467865357922
vla2,2023-12-01T21:59:33.463564,69794210,5,0.24,7.0,1701467973463564
vla2,2023-12-01T22:00:29.469006,70888067,5,0.24,7.0,1701468029469006
vla2,2023-12-01T22:14:58.155156,87854593,5,0.24,7.0,1701468898155156
vla2,2023-12-01T22:15:07.498782,88037086,5,0.24,7.0,1701468907498782
vla2,2023-12-01T22:15:16.878311,88220280,5,0.24,7.0,1701468916878311
vla2,2023-12-01T22:15:26.426670,88406771,5,0.24,7.0,1701468926426670
vla2,2023-12-01T22:15:35.724092,88588361,5,0.24,7.0,1701468935724092
vla2,2023-12-01T22:15:45.292071,88775236,5,0.24,7.0,1701468945292071
vla2,2023-12-01T22:15:54.992166,88964691,5,0.24,7.0,1701468954992166
vla2,2023-12-01T22:16:04.871071,89157638,5,0.24,7.0,1701468964871071
vla2,2023-12-01T22:16:14.472567,89345167,5,0.24,7.0,1701468974472567
vla2,2023-12-01T22:16:25.580575,89562121,5,0.24,7.0,1701468985580575
vla2,2023-12-01T22:16:36.025932,89766131,5,0.24,7.0,1701468996025932
vla2,2023-12-01T22:16:45.525930,89951678,5,0.24,7.0,1701469005525930
vla2,2023-12-01T22:16:54.671091,90130295,5,0.24,7.0,1701469014671091
vla2,2023-12-01T22:17:03.923927,90311014,5,0.24,7.0,1701469023923927
vla2,2023-12-01T22:17:13.187414,90491942,5,0.24,7.0,1701469033187414
vla2,2023-12-01T22:17:23.159835,90686716,5,0.24,7.0,1701469043159835
vla2,2023-12-01T22:17:32.779691,90874603,5,0.24,7.0,1701469052779691
vla2,2023-12-01T22:17:42.095373,91056550,5,0.24,7.0,1701469062095373
vla2,2023-12-01T22:17:52.385151,91257522,5,0.24,7.0,1701469072385151
vla2,2023-12-01T22:18:02.572242,91456489,5,0.24,7.0,1701469082572242
vla2,2023-12-01T22:18:12.618878,91652712,5,0.24,7.0,1701469092618878
vla2,2023-12-01T22:18:21.869199,91833383,5,0.24,7.0,1701469101869199
vla2,2023-12-01T22:18:31.231037,92016231,5,0.24,7.0,1701469111231037
vla2,2023-12-01T22:18:40.922317,92205514,5,0.24,7.0,1701469120922317
vla2,2023-12-01T22:18:50.215346,92387018,5,0.24,7.0,1701469130215346
vla2,2023-12-01T22:18:59.704239,92572348,5,0.24,7.0,1701469139704239
vla2,2023-12-01T22:19:09.389674,92761517,5,0.24,7.0,1701469149389674
vla2,2023-12-01T22:19:18.604973,92941503,5,0.24,7.0,1701469158604973
vla2,2023-12-01T22:19:28.929629,93143157,5,0.24,7.0,1701469168929629
vla2,2023-12-01T22:19:38.541265,93330884,5,0.24,7.0,1701469178541265
vla2,2023-12-01T22:19:47.877498,93513232,5,0.24,7.0,1701469187877498
vla2,2023-12-01T22:19:57.817441,93707372,5,0.24,7.0,1701469197817441
vla2,2023-12-01T22:20:07.163768,93889917,5,0.24,7.0,1701469207163768
vla2,2023-12-01T22:20:16.411022,94070528,5,0.24,7.0,1701469216411022
vla2,2023-12-01T22:20:26.069933,94259178,5,0.24,7.0,1701469226069933
vla2,2023-12-01T22:20:35.877109,94450725,5,0.24,7.0,1701469235877109
vla2,2023-12-01T22:20:45.292205,94634613,5,0.24,7.0,1701469245292205
vla2,2023-12-01T22:20:54.909307,94822447,5,0.24,7.0,1701469254909307
vla2,2023-12-01T22:21:04.112346,95002194,5,0.24,7.0,1701469264112346
vla2,2023-12-01T22:21:14.010270,95195513,5,0.24,7.0,1701469274010270
vla2,2023-12-01T22:21:23.138151,95373792,5,0.24,7.0,1701469283138151
vla2,2023-12-01T22:23:16.268007,97583360,5,0.24,7.0,1701469396268007
vla2,2023-12-01T22:23:33.715499,97924131,5,0.24,7.0,1701469413715499
vla2,2023-12-01T22:23:48.626133,98215354,5,0.24,7.0,1701469428626133
vla2,2023-12-01T22:23:57.271861,98384216,5,0.24,7.0,1701469437271861
vla2,2023-12-01T22:24:07.608975,98586113,5,0.24,7.0,1701469447608975
vla2,2023-12-01T22:24:17.124401,98771961,5,0.24,7.0,1701469457124401
vla2,2023-12-01T22:24:26.923086,98963342,5,0.24,7.0,1701469466923086
vla2,2023-12-01T22:24:37.597760,99171831,5,0.24,7.0,1701469477597760
vla2,2023-12-01T22:24:47.373091,99362756,5,0.24,7.0,1701469487373091
vla2,2023-12-01T22:24:57.060662,99551966,5,0.24,7.0,1701469497060662
vla2,2023-12-01T22:25:06.255010,99731543,5,0.24,7.0,1701469506255010
vla2,2023-12-01T22:25:16.089713,99923627,5,0.24,7.0,1701469516089713
vla2,2023-12-01T22:25:26.602586,100128957,5,0.24,7.0,1701469526602586
vla2,2023-12-01T22:25:36.228653,100316966,5,0.24,7.0,1701469536228653
vla2,2023-12-01T22:25:46.238444,100512470,5,0.24,7.0,1701469546238444
vla2,2023-12-01T22:25:55.763963,100698515,5,0.24,7.0,1701469555763963
vla2,2023-12-01T22:26:04.898351,100876921,5,0.24,7.0,1701469564898351
vla2,2023-12-01T22:26:14.096858,101056579,5,0.24,7.0,1701469574096858
vla2,2023-12-01T22:26:23.705130,101244241,5,0.24,7.0,1701469583705130
vla2,2023-12-01T22:26:33.338817,101432399,5,0.24,7.0,1701469593338817
vla2,2023-12-01T22:26:43.301532,101626983,5,0.24,7.0,1701469603301532
vla2,2023-12-01T22:26:53.203518,101820381,5,0.24,7.0,1701469613203518
vla2,2023-12-01T22:27:02.925572,102010265,5,0.24,7.0,1701469622925572
vla2,2023-12-01T22:27:12.997211,102206977,5,0.24,7.0,1701469632997211
vla2,2023-12-01T22:27:22.511768,102392808,5,0.24,7.0,1701469642511768
vla2,2023-12-01T22:27:31.729521,102572842,5,0.24,7.0,1701469651729521
vla2,2023-12-01T22:27:41.260144,102758987,5,0.24,7.0,1701469661260144
vla2,2023-12-01T22:27:50.535337,102940143,5,0.24,7.0,1701469670535337
vla2,2023-12-01T22:28:00.321716,103131284,5,0.24,7.0,1701469680321716
vla2,2023-12-01T22:28:09.721748,103314878,5,0.24,7.0,1701469689721748
vla2,2023-12-01T22:28:19.199300,103499986,5,0.24,7.0,1701469699199300
vla2,2023-12-01T22:28:29.081078,103692990,5,0.24,7.0,1701469709081078
vla2,2023-12-01T22:28:38.764960,103882128,5,0.24,7.0,1701469718764960
vla2,2023-12-01T22:28:48.241365,104067214,5,0.24,7.0,1701469728241365
vla2,2023-12-01T22:28:57.959344,104257018,5,0.24,7.0,1701469737959344
vla2,2023-12-01T22:29:07.584556,104445011,5,0.24,7.0,1701469747584556
vla2,2023-12-01T22:29:16.998869,104628884,5,0.24,7.0,1701469756998869
vla2,2023-12-01T22:29:27.126212,104826684,5,0.24,7.0,1701469767126212
vla2,2023-12-01T22:29:36.834799,105016305,5,0.24,7.0,1701469776834799
vla2,2023-12-01T22:29:46.986352,105214577,5,0.24,7.0,1701469786986352
vla2,2023-12-01T22:29:57.163528,105413350,5,0.24,7.0,1701469797163528
vla2,2023-12-01T22:30:06.166670,105589193,5,0.24,7.0,1701469806166670
vla2,2023-12-01T22:32:20.169079,108206427,5,0.24,7.0,1701469940169079
vla2,2023-12-01T22:32:29.638666,108391380,5,0.24,7.0,1701469949638666
vla2,2023-12-01T22:32:39.857970,108590976,5,0.24,7.0,1701469959857970
vla2,2023-12-01T22:32:49.184740,108773139,5,0.24,7.0,1701469969184740
vla2,2023-12-01T22:32:58.798857,108960915,5,0.24,7.0,1701469978798857
vla2,2023-12-01T22:33:08.118348,109142936,5,0.24,7.0,1701469988118348
vla2,2023-12-01T22:33:17.555913,109327264,5,0.24,7.0,1701469997555913
vla2,2023-12-01T22:33:26.910519,109509971,5,0.24,7.0,1701470006910519
vla2,2023-12-01T22:33:36.129742,109690034,5,0.24,7.0,1701470016129742
vla2,2023-12-01T22:33:45.802605,109878957,5,0.24,7.0,1701470025802605
vla2,2023-12-01T22:33:55.134006,110061211,5,0.24,7.0,1701470035134006
vla2,2023-12-01T22:34:04.906876,110252087,5,0.24,7.0,1701470044906876
vla2,2023-12-01T22:34:14.387502,110437256,5,0.24,7.0,1701470054387502
vla2,2023-12-01T22:34:24.516283,110635084,5,0.24,7.0,1701470064516283
vla2,2023-12-01T22:34:33.962782,110819586,5,0.24,7.0,1701470073962782
vla2,2023-12-01T22:34:43.609495,111007998,5,0.24,7.0,1701470083609495
vla2,2023-12-01T22:34:53.260917,111196502,5,0.24,7.0,1701470093260917
vla2,2023-12-01T22:35:02.691003,111380684,5,0.24,7.0,1701470102691003
vla2,2023-12-01T22:35:12.330969,111568964,5,0.24,7.0,1701470112330969
vla2,2023-12-01T22:35:21.923962,111756327,5,0.24,7.0,1701470121923962
vla2,2023-12-01T22:35:31.194827,111937399,5,0.24,7.0,1701470131194827
vla2,2023-12-01T22:35:40.626744,112121616,5,0.24,7.0,1701470140626744
vla2,2023-12-01T22:35:49.897538,112302686,5,0.24,7.0,1701470149897538
vla2,2023-12-01T22:35:59.125503,112482920,5,0.24,7.0,1701470159125503
vla2,2023-12-01T22:36:08.879933,112673436,5,0.24,7.0,1701470168879933
vla2,2023-12-01T22:36:18.165837,112854802,5,0.24,7.0,1701470178165837
vla2,2023-12-01T22:36:27.680599,113040637,5,0.24,7.0,1701470187680599
vla2,2023-12-01T22:36:37.079789,113224215,5,0.24,7.0,1701470197079789
vla2,2023-12-01T22:36:46.607306,113410299,5,0.24,7.0,1701470206607306
vla2,2023-12-01T22:36:55.990102,113593557,5,0.24,7.0,1701470215990102
vla2,2023-12-01T22:37:06.233220,113793618,5,0.24,7.0,1701470226233220
vla2,2023-12-01T22:37:15.499541,113974600,5,0.24,7.0,1701470235499541
vla2,2023-12-01T22:37:25.356356,114167116,5,0.24,7.0,1701470245356356
vla2,2023-12-01T22:37:35.253739,114360425,5,0.24,7.0,1701470255253739
vla2,2023-12-01T22:37:45.445782,114559488,5,0.24,7.0,1701470265445782
vla2,2023-12-01T22:37:56.106875,114767712,5,0.24,7.0,1701470276106875
vla2,2023-12-01T22:38:05.678080,114954650,5,0.24,7.0,1701470285678080
vla2,2023-12-01T22:38:14.972417,115136180,5,0.24,7.0,1701470294972417
vla2,2023-12-01T22:38:24.566648,115323567,5,0.24,7.0,1701470304566648
vla2,2023-12-01T22:38:33.937328,115506588,5,0.24,7.0,1701470313937328
vla2,2023-12-01T22:38:43.255724,115688588,5,0.24,7.0,1701470323255724
vla2,2023-12-01T22:38:53.496993,115888613,5,0.24,7.0,1701470333496993
vla2,2023-12-01T22:39:04.244742,116098530,5,0.24,7.0,1701470344244742
vla2,2023-12-01T22:39:13.693042,116283067,5,0.24,7.0,1701470353693042
vla2,2023-12-01T22:39:23.017861,116465193,5,0.24,7.0,1701470363017861
vla2,2023-12-01T22:39:32.222894,116644978,5,0.24,7.0,1701470372222894
vla2,2023-12-01T22:39:41.573457,116827607,5,0.24,7.0,1701470381573457
vla2,2023-12-01T22:39:50.877266,117009322,5,0.24,7.0,1701470390877266
vla2,2023-12-01T22:40:00.295509,117193272,5,0.24,7.0,1701470400295509
vla2,2023-12-01T22:40:10.335955,117389374,5,0.24,7.0,1701470410335955
vla2,2023-12-01T22:40:19.779499,117573818,5,0.24,7.0,1701470419779499
vla2,2023-12-01T22:40:57.798161,118316370,5,0.24,7.0,1701470457798161
vla2,2023-12-01T22:41:04.952777,118456109,5,0.24,7.0,1701470464952777
vla2,2023-12-01T22:41:43.289464,119204872,5,0.24,7.0,1701470503289464
vla2,2023-12-01T22:42:54.966264,120604810,5,0.24,7.0,1701470574966264
vla2,2023-12-01T22:43:04.384489,120788760,5,0.24,7.0,1701470584384489
vla2,2023-12-01T22:43:14.139643,120979290,5,0.24,7.0,1701470594139643
vla2,2023-12-01T22:43:23.741825,121166833,5,0.24,7.0,1701470603741825
vla2,2023-12-01T22:43:33.457883,121356599,5,0.24,7.0,1701470613457883
vla2,2023-12-01T22:43:42.909681,121541205,5,0.24,7.0,1701470622909681
vla2,2023-12-01T22:43:52.071123,121720139,5,0.24,7.0,1701470632071123
vla2,2023-12-01T22:44:01.514329,121904577,5,0.24,7.0,1701470641514329
vla2,2023-12-01T22:44:11.087342,122091550,5,0.24,7.0,1701470651087342
vla2,2023-12-01T22:44:20.696193,122279223,5,0.24,7.0,1701470660696193
vla2,2023-12-01T22:44:30.115381,122463191,5,0.24,7.0,1701470670115381
vla2,2023-12-01T22:44:39.953047,122655333,5,0.24,7.0,1701470679953047
vla2,2023-12-01T22:44:49.364601,122839152,5,0.24,7.0,1701470689364601
vla2,2023-12-01T22:44:58.954754,123026460,5,0.24,7.0,1701470698954754
